-- phpMyAdmin SQL Dump
-- version 4.0.4.1
-- http://www.phpmyadmin.net
--
-- Host: 127.0.0.1
-- Generation Time: Jan 22, 2021 at 07:58 AM
-- Server version: 5.5.32
-- PHP Version: 5.4.19

SET SQL_MODE = "NO_AUTO_VALUE_ON_ZERO";
SET time_zone = "+00:00";


/*!40101 SET @OLD_CHARACTER_SET_CLIENT=@@CHARACTER_SET_CLIENT */;
/*!40101 SET @OLD_CHARACTER_SET_RESULTS=@@CHARACTER_SET_RESULTS */;
/*!40101 SET @OLD_COLLATION_CONNECTION=@@COLLATION_CONNECTION */;
/*!40101 SET NAMES utf8 */;

--
-- Database: `digital_blood_bank`
--
CREATE DATABASE IF NOT EXISTS `digital_blood_bank` DEFAULT CHARACTER SET latin1 COLLATE latin1_swedish_ci;
USE `digital_blood_bank`;

-- --------------------------------------------------------

--
-- Table structure for table `bank_stock`
--

CREATE TABLE IF NOT EXISTS `bank_stock` (
  `stock_id` int(10) NOT NULL AUTO_INCREMENT,
  `bank_id` int(10) NOT NULL,
  `bank_user_id` varchar(30) NOT NULL,
  `bloodgroup` varchar(10) NOT NULL,
  `stock` int(10) NOT NULL,
  `status` varchar(10) NOT NULL,
  PRIMARY KEY (`stock_id`)
) ENGINE=InnoDB  DEFAULT CHARSET=latin1 AUTO_INCREMENT=151166 ;

--
-- Dumping data for table `bank_stock`
--

INSERT INTO `bank_stock` (`stock_id`, `bank_id`, `bank_user_id`, `bloodgroup`, `stock`, `status`) VALUES
(1, 8, 'shiv@gmail.com', 'A+', 250, 'Open'),
(2, 8, 'shiv@gmail.com', 'A-', 500, 'Open'),
(3, 8, 'shiv@gmail.com', 'B+', 200, 'Open'),
(4, 8, 'shiv@gmail.com', 'B-', 540, 'Open'),
(5, 8, 'shiv@gmail.com', 'O+', 455, 'Open'),
(6, 8, 'shiv@gmail.com', 'O-', 120, 'Open'),
(7, 8, 'shiv@gmail.com', 'AB+', 373, 'Open'),
(8, 8, 'shiv@gmail.com', 'AB-', 700, 'Open'),
(151118, 46, 'shivkumar@gmail.com', 'A+', 100, 'Open'),
(151119, 46, 'shivkumar@gmail.com', 'A-', 0, 'Open'),
(151120, 46, 'shivkumar@gmail.com', 'B+', 0, 'Open'),
(151121, 46, 'shivkumar@gmail.com', 'B-', 0, 'Open'),
(151122, 46, 'shivkumar@gmail.com', 'AB+', 0, 'Open'),
(151123, 46, 'shivkumar@gmail.com', 'AB-', 0, 'Open'),
(151124, 46, 'shivkumar@gmail.com', 'O+', 0, 'Open'),
(151125, 46, 'shivkumar@gmail.com', 'O-', 0, 'Open'),
(151126, 47, 'bharatwish@gmail.com', 'A+', 0, ''),
(151127, 47, 'bharatwish@gmail.com', 'A-', 0, ''),
(151128, 47, 'bharatwish@gmail.com', 'B+', 0, ''),
(151129, 47, 'bharatwish@gmail.com', 'B-', 0, ''),
(151130, 47, 'bharatwish@gmail.com', 'AB+', 0, ''),
(151131, 47, 'bharatwish@gmail.com', 'AB-', 0, ''),
(151132, 47, 'bharatwish@gmail.com', 'O+', 0, ''),
(151133, 47, 'bharatwish@gmail.com', 'O-', 0, ''),
(151150, 48, 'alwyasbb123@gmail.com', 'A+', 0, 'Open'),
(151151, 48, 'alwyasbb123@gmail.com', 'A-', 0, 'Open'),
(151152, 48, 'alwyasbb123@gmail.com', 'B+', 0, 'Open'),
(151153, 48, 'alwyasbb123@gmail.com', 'B-', 0, 'Open'),
(151154, 48, 'alwyasbb123@gmail.com', 'AB+', 100, 'Open'),
(151155, 48, 'alwyasbb123@gmail.com', 'AB-', 0, 'Open'),
(151156, 48, 'alwyasbb123@gmail.com', 'O+', 0, 'Open'),
(151157, 48, 'alwyasbb123@gmail.com', 'O-', 0, 'Open'),
(151158, 49, 'bbhilltop@gmail.com', 'A+', 230, 'Open'),
(151159, 49, 'bbhilltop@gmail.com', 'A-', 345, 'Open'),
(151160, 49, 'bbhilltop@gmail.com', 'B+', 0, 'Open'),
(151161, 49, 'bbhilltop@gmail.com', 'B-', 0, 'Open'),
(151162, 49, 'bbhilltop@gmail.com', 'AB+', 0, 'Open'),
(151163, 49, 'bbhilltop@gmail.com', 'AB-', 0, 'Open'),
(151164, 49, 'bbhilltop@gmail.com', 'O+', 0, 'Open'),
(151165, 49, 'bbhilltop@gmail.com', 'O-', 0, 'Open');

-- --------------------------------------------------------

--
-- Table structure for table `blood_bank`
--

CREATE TABLE IF NOT EXISTS `blood_bank` (
  `Bank_id` int(6) NOT NULL AUTO_INCREMENT,
  `Bank_Name` varchar(80) NOT NULL,
  `Contact_No` varchar(20) NOT NULL,
  `Contact_Person` varchar(30) NOT NULL,
  `Email` varchar(30) NOT NULL,
  `Country` varchar(30) NOT NULL,
  `State` varchar(30) NOT NULL,
  `City` varchar(30) NOT NULL,
  `Address` varchar(50) NOT NULL,
  `Pincode` int(10) NOT NULL,
  PRIMARY KEY (`Bank_id`)
) ENGINE=InnoDB  DEFAULT CHARSET=latin1 AUTO_INCREMENT=50 ;

--
-- Dumping data for table `blood_bank`
--

INSERT INTO `blood_bank` (`Bank_id`, `Bank_Name`, `Contact_No`, `Contact_Person`, `Email`, `Country`, `State`, `City`, `Address`, `Pincode`) VALUES
(8, 'GS Medical College Blood Bank', '8057555547', 'Bhawna Giri', 'shiv@gmail.com', 'India', 'Uttar Pradesh', 'Ghaziabad', 'NH-24 Pilkhuwa Hapur', 200120),
(9, 'Sarvodaya Hospital Blood Bank', '9891705808', 'Piyush Mishra', 'bloodbanksarvodaya@gmail.com', 'India', 'Uttar Pradesh', 'Ghaziabad', 'D-3 Kavi Nagar Industrial Area, Near Diamond Flyov', 201002),
(10, 'Blood Bank Sraswati Institute ', '9841089759', 'Ritu Sahu', 'priyac1805@gmail.com', 'India', 'Uttar Pradesh', 'Ghaziabad', 'N.H. 24, Anvarpur, Pilkhuva, Hapur', 201012),
(11, 'Sangam Charitable Blood Bank', '9205121188', 'Vidhyadhar', 'sarvsamajsangamsociety@gmail.c', 'India', 'Uttar Pradesh', 'Ghaziabad', 'first floor, KRISHNA COMPLEX,19 RAKESH MARG', 201001),
(12, 'Life Line Blood Bank', '01204335488', 'Naresh Kumar', 'drh178@yahoo.com', 'India', 'Uttar Pradesh', 'Ghaziabad', 'Nehrunagar, Ghaziabad,', 201310),
(13, 'Rama Medical College Hopsital ', '8057176919', 'Anubhav Rajput', 'rainaaditi@gmail.com', 'India', 'Uttar Pradesh', 'Ghaziabad', 'Rama Delhi N.H.-24,, Ghaziabad', 201320),
(14, 'Blood Bank Yashoda Hospital', '9718884111', 'Shannu Singh', 'rawatkundan78@gmail.com', 'India', 'Uttar Pradesh', 'Ghaziabad', 'Yashoda Hospital & Research Centre Ltd. III-M. Neh', 201011),
(15, 'Blood Bank Yashoda Hospital', '9718884111', 'Shannu Singh', 'rawatkundan78@gmail.com', 'India', 'Uttar Pradesh', 'Ghaziabad', 'Yashoda Hospital & Research Centre Ltd. III-M. Neh', 201011),
(16, 'Shanti Gopal Hospital Blood Bank', '9811148125', 'Jagdesh Mohan', 'admin@shantigopalalhospitals.c', 'India', 'Uttar Pradesh', 'Ghaziabad', 'Plot No. N.H.-1, Ahinsa Khand-II, Indirapuram', 201011),
(17, 'Bhagwan Buddha Charitable Blood Bank', '9599813133', 'Moseen Khan', 'bbcbb2016@gmail.com', 'India', 'Uttar Pradesh', 'Ghaziabad', '1st Floor, Central Market Sector 2B Vasundhara', 201122),
(18, 'Vardan Multi Specialty Hospital', '9410075076', 'Sajad Shafayat', 'vardanmsh@gmail.com', 'India', 'Uttar Pradesh', 'Ghaziabad', 'Garhi Sikroad, Opp. Guldhar, NH- 58, Meerut Road', 201022),
(19, 'S.B.D. DISTT. HOSPITAL, SAHARANPUR', ' 9457860097', 'Sanjay', 'Sbd.bb.saharanpur@gmail.com', 'India', 'Uttar Pradesh', 'Saharanpur', 'SBD DISTT. HOSPITAL, BAJORIA ROAD', 247554),
(20, 'Tarawati Nursing Home Pvt. Ltd', '8077414314', 'Sridhar Baran', 'rajneetigroup@gmail.com', 'India', 'Uttar Pradesh', 'Saharanpur', 'Manjulkey Garden', 247567),
(21, 'Balaji charitable Blood Bank', '9897593595', 'Mukesh Rao', 'balajibbsaharanpur@gmail.com', 'India', 'Uttar Pradesh', 'Saharanpur', 'Hasapur Chungi, Delhi Road', 207567),
(22, 'City Loins Blood Bank', '9639255365', 'Manjulkey', 'citylionsbb@gmail.com', 'India', 'Uttar Pradesh', 'Saharanpur', 'Manjulkey Garden, Bazuriya Road', 239870),
(23, 'Shaikh-Ul-Hind Maulana Mahmood Blood Bank', '9557033929', 'Wasiq Anshari', 'drrenusharma1@gmail.com', 'India', 'Uttar Pradesh', 'Saharanpur', 'Ambala Road, Pilkhani', 246789),
(24, 'Blood Bank Kamna Medical Center', '9927910777', 'Vibhushi Verma', 'rajshubhverma29@gmail.com', 'India', 'Uttar Pradesh', 'Meerut', '187,Bagpat Road,, Meerut', 435671),
(25, 'IMA Meerut Blood Bank', '9997732222', 'Mohan Prataap', 'imabloodbankmeerut@gmail.com', 'India', 'Uttar Pradesh', 'Meerut', 'H.No 380,Shivaji road , near baccha park', 457868),
(26, 'Subharti Blood Bank', '8392929313', 'Maheshwari ', 'subhartibb@yahoo.com', 'India', 'Uttar Pradesh', 'Meerut', ' Meerut By Paas Road', 457890),
(27, 'Sanjeevani Blood Bank', '9927959887', 'Anahika Verma', 'sbbmeerut@gmail.com', 'India', 'Uttar Pradesh', 'Meerut', '644, Bagpat Road', 478956),
(28, 'Lok Priya Blood Bank', ' 9639010551', 'Anash Jain', 'lokpriya_hospital@rediffmail.c', 'India', 'Uttar Pradesh', 'Meerut', 'Garh Road,, Meerut', 564578),
(29, 'Nutema Blood Bank', '7906530890', 'GunjanSharma', 'dhirandrasharma@gmail.com', 'India', 'Uttar Pradesh', 'Meerut', '148/1, opposite LLRM Medical College, Garh Road', 789067),
(30, 'P.L. Sharma Distt. Hospital Blood Bank', '9999774370', 'Vishakaha', 'ssindhuansh@gmail.com', 'India', 'Uttar Pradesh', 'Meerut', 'Ahmad Road, Ghanta Ghar, Meerut', 498078),
(31, 'Blood Bank Jasvant Rai Hospital', '9412715165', 'Yaseen Khan', 'sanjulshaily@yahoo.com', 'India', 'Uttar Pradesh', 'Meerut', 'Sport Stadium, Mavana Road', 564578),
(32, 'Kailashi Hospital Blood Bank', '9456452466', 'Shiv Kaumar', 'nishapmalik15@yahoo.com', 'India', 'Uttar Pradesh', 'Meerut', 'C-2, Shardhapur, Phase-II, Kankerkheda', 674587),
(33, 'Blood Bank District Hospital', '9528911454', 'Yaseen Ahamdya', 'cmsbbmznr@gmail.com', 'India', 'Uttar Pradesh', 'Muzaffarnagar', 'District Hospital, Muzaffarnagar', 256789),
(34, 'Blood Bank Muzzaffar Nagar', '9634194602', 'Ankush Kumar', 'bloodbankmmch@gmail.com', 'India', 'Uttar Pradesh', 'Muzaffarnagar', 'near College Hospital', 678954),
(35, 'Teerathkar Mahavir Hospital', ' 9837068919', 'Disrti kumari', 'rakhil27@gmail.com', 'India', 'Uttar Pradesh', 'Muzaffarnagar', 'Plot No. 278, Vill-Nagrampur Delhi Road', 234789),
(36, 'Shri Sai Hospital & Blood Bank', '9359673324', 'Varesh Pathan', 'dgpath@gmail.com', 'India', 'Uttar Pradesh', 'Muzaffarnagar', 'Delhi Road', 789012),
(37, 'Mother Teresa Charitable Blood', ' 8979568985 ', 'Panjaj Athavale', 'mtfmoradabad@gmail.com', 'India', 'Uttar Pradesh', 'Muzaffarnagar', 'Z3, 2, MDA Colony, Ashiyana Colony', 345678),
(38, 'Mother Teresa Charitable Blood', ' 8979568985 ', 'Panjaj Athavale', 'mtfmoradabad@gmail.com', 'India', 'Uttar Pradesh', 'Muzaffarnagar', 'Z3, 2, MDA Colony, Ashiyana Colony', 345678),
(39, 'Shri Satya Narayan Prakash Blood Bank', '8533861553', 'sonusingh', 'sonusingh56ae@gmail.com', 'India', 'Uttar Pradesh', 'Muzaffarnagar', 'vistara colony', 98765),
(40, 'Vardha Health Asist Assure Blood Bank', '6019876543', 'Ravi Singhaniya', 'ravivardha@gmail.com', 'India', 'Uttar Pradesh', 'Saharanpur', 'saharanpur', 247554),
(41, 'Vardha Health Asist Assure Blood Bank', '6019876543', 'Ravi Singhaniya', 'ravivardha@gmail.com', 'India', 'Uttar Pradesh', 'Saharanpur', 'saharanpur', 247554),
(46, 'Shri Ram Memorial Blood Bank', '6019876543', 'Shiv Kumar', 'shivkumar@gmail.com', 'India', 'Uttar Pradesh', 'Saharanpur', 'govind puram near society park.', 543212),
(47, 'Bharat Wish Life Charitable Blood Bank', '9765431221', 'Rituraj Gaetod', 'bharatwish@gmail.com', 'India', 'Uttar Pradesh', 'Saharanpur', 'Delhi Road panshara chowk', 123432),
(48, 'Always Ready To Help Blood Bank', '9765431221', 'Amit Rao', 'alwyasbb123@gmail.com', 'India', 'Uttar Pradesh', 'Saharanpur', 'near bus stand front of car reparin agency gali 12', 247567),
(49, 'Blood Bank Of Hill Top', '9765431221', 'Rakesh Kumar Singh ', 'bbhilltop@gmail.com', 'India', 'Uttar Pradesh', 'Saharanpur', 'Ghntaghar Chowk near pacific resort', 235678);

-- --------------------------------------------------------

--
-- Table structure for table `blood_bank_donar`
--

CREATE TABLE IF NOT EXISTS `blood_bank_donar` (
  `b_donar_id` int(10) NOT NULL AUTO_INCREMENT,
  `name` varchar(40) NOT NULL,
  `mobile` varchar(40) NOT NULL,
  `gender` varchar(10) NOT NULL,
  `dob` varchar(40) NOT NULL,
  `bloodgroup` varchar(40) NOT NULL,
  `state` varchar(50) NOT NULL,
  `city` varchar(50) NOT NULL,
  `blood_bank` varchar(80) NOT NULL,
  `register_date` timestamp NOT NULL DEFAULT CURRENT_TIMESTAMP,
  PRIMARY KEY (`b_donar_id`)
) ENGINE=InnoDB  DEFAULT CHARSET=latin1 AUTO_INCREMENT=34 ;

--
-- Dumping data for table `blood_bank_donar`
--

INSERT INTO `blood_bank_donar` (`b_donar_id`, `name`, `mobile`, `gender`, `dob`, `bloodgroup`, `state`, `city`, `blood_bank`, `register_date`) VALUES
(5, 'Mukesh Singh', '8059956890', 'Male', '1996-12-04', 'AB+', 'Uttar Pradesh', 'Ghaziabad', 'GS Medical College Blood Bank', '2021-01-09 18:30:00'),
(6, 'Rajat Srivastva', '9899293234', 'Male', '1990-08-10', 'A+', 'Uttar Pradesh', 'Ghaziabad', 'GS Medical College Blood Bank', '2021-01-11 18:30:00'),
(7, 'Rajat Singhaniya', '9078906789', 'Male', '1996-11-17', 'A+', 'Uttar Pradesh', 'Ghaziabad', 'GS Medical College Blood Bank', '2021-01-09 18:30:00'),
(8, 'Sanidhya', '9911052905', 'Male', '1998-01-12', 'A+', 'Uttar Pradesh', 'Ghaziabad', 'GS Medical College Blood Bank', '2021-01-05 18:30:00'),
(9, 'Shubham Tyagi', '8909129078', 'Male', '1999-02-25', 'A-', 'Uttar Pradesh', 'Ghaziabad', 'GS Medical College Blood Bank', '2021-01-06 18:30:00'),
(10, 'Ram Kumar Singh', '9999364690', 'Male', '2002-12-05', 'A-', 'Uttar Pradesh', 'Ghaziabad', 'GS Medical College Blood Bank', '2020-12-31 18:30:00'),
(11, 'Modi Rao', '9087364690', 'Male', '2001-12-05', 'B+', 'Uttar Pradesh', 'Ghaziabad', 'GS Medical College Blood Bank', '2021-01-11 18:30:00'),
(12, 'Rakhi Mittal', '8087389690', 'Female', '1999-02-15', 'B+', 'Uttar Pradesh', 'Ghaziabad', 'GS Medical College Blood Bank', '2021-01-10 18:30:00'),
(13, 'Vidushi Ranjan', '7097389619', 'Female', '2000-11-05', 'B-', 'Uttar Pradesh', 'Ghaziabad', 'GS Medical College Blood Bank', '2021-01-12 16:46:09'),
(14, 'Gopap Nath', '9199389623', 'Male', '2001-1-19', 'B-', 'Uttar Pradesh', 'Ghaziabad', 'GS Medical College Blood Bank', '2021-01-12 16:49:16'),
(15, 'Afsana', '7196387623', 'Female', '2001-07-29', 'AB+', 'Uttar Pradesh', 'Ghaziabad', 'GS Medical College Blood Bank', '2021-01-12 16:51:19'),
(16, 'Sanky Panday', '9196880023', 'Male', '1991-07-29', 'O+', 'Uttar Pradesh', 'Ghaziabad', 'GS Medical College Blood Bank', '2021-01-12 16:54:07'),
(17, 'Yuvraj ', '8166880001', 'Male', '1997-10-09', 'O+', 'Uttar Pradesh', 'Ghaziabad', 'GS Medical College Blood Bank', '2021-01-12 16:55:30'),
(18, 'Aparna Rana ', '690230092', 'Female', '1998-11-19', 'O-', 'Uttar Pradesh', 'Ghaziabad', 'GS Medical College Blood Bank', '2021-01-12 16:57:30'),
(19, 'Manjeet Singh', '890231097', 'Male', '1992-01-29', 'O-', 'Uttar Pradesh', 'Ghaziabad', 'GS Medical College Blood Bank', '2021-01-12 16:59:53'),
(20, 'Gautam Panwar', '760211060', 'Male', '2002-11-16', 'AB-', 'Uttar Pradesh', 'Ghaziabad', 'GS Medical College Blood Bank', '2021-01-12 17:01:37'),
(21, 'Rakshit Tyagi', '9602143901', 'Male', '2001-03-01', 'AB-', 'Uttar Pradesh', 'Ghaziabad', 'GS Medical College Blood Bank', '2021-01-12 17:04:31'),
(22, 'Ravi Singh ', '7500899765', 'Male', '2000-02-04', 'A+', 'Uttar Pradesh', 'Ghaziabad', 'GS Medical College Blood Bank', '2021-01-13 10:09:11'),
(23, 'Ravi Singh ', '7500899765', 'Male', '2000-02-04', 'A+', 'Uttar Pradesh', 'Ghaziabad', 'GS Medical College Blood Bank', '2021-01-13 10:10:21'),
(24, 'Santi Devi', '7500899765', 'Female', '1996-02-15', 'B+', 'Uttar Pradesh', 'Ghaziabad', 'Life Line Blood Bank', '2021-01-13 10:11:57'),
(25, 'Parthiv Patel', '6019876543', 'Male', '1993-05-08', 'A-', 'Uttar Pradesh', 'Ghaziabad', 'GS Medical College Blood Bank', '2021-01-13 10:20:36'),
(26, 'AMrit MAnn', '8909090901', 'Male', '1996-05-01', 'A+', 'Uttar Pradesh', 'Saharanpur', 'S.B.D. DISTT. HOSPITAL, SAHARANPUR', '2021-01-13 15:09:19'),
(27, 'Amaan ', '9876098867', 'Male', '1998-01-03', 'B+', 'Uttar Pradesh', 'Ghaziabad', 'GS Medical College Blood Bank', '2021-01-13 17:20:28'),
(28, 'Akshay Chauhan', '8765437890', 'Male', '1995-06-15', 'B+', 'Uttar Pradesh', 'Ghaziabad', 'GS Medical College Blood Bank', '2021-01-14 07:48:50'),
(29, 'Ajay Singh', '9058925500', 'Male', '2005-02-14', 'B+', 'Uttar Pradesh', 'Ghaziabad', 'Sangam Charitable Blood Bank', '2021-01-14 10:14:32'),
(30, '', '', '', '', '', '', '', '', '2021-01-14 10:16:15'),
(31, 'Ravi Singh', '8129078902', 'Male', '1995-01-15', 'B-', 'Uttar Pradesh', 'Ghaziabad', 'GS Medical College Blood Bank', '2021-01-15 12:05:07'),
(32, 'Madan Lal Tewatia', '8765437890', 'Male', '1997-02-13', 'A-', 'Uttar Pradesh', 'Meerut', 'Lok Priya Blood Bank', '2021-01-15 16:42:44'),
(33, 'Rajkumar Singhaniya', '7500897890', 'Male', '1998-02-16', 'AB+', 'Uttar Pradesh', 'Saharanpur', 'Blood Bank Of Hill Top', '2021-01-16 07:04:38');

-- --------------------------------------------------------

--
-- Table structure for table `blood_camp`
--

CREATE TABLE IF NOT EXISTS `blood_camp` (
  `Org_id` int(10) NOT NULL AUTO_INCREMENT,
  `Organization_Name` varchar(50) NOT NULL,
  `Contact_No` varchar(30) NOT NULL,
  `Contact_Person` varchar(40) NOT NULL,
  `Email` varchar(30) NOT NULL,
  `Country` varchar(30) NOT NULL,
  `State` varchar(50) NOT NULL,
  `City` varchar(30) NOT NULL,
  `Venue` varchar(30) NOT NULL,
  `Pincode` int(30) NOT NULL,
  PRIMARY KEY (`Org_id`)
) ENGINE=InnoDB  DEFAULT CHARSET=latin1 AUTO_INCREMENT=43 ;

--
-- Dumping data for table `blood_camp`
--

INSERT INTO `blood_camp` (`Org_id`, `Organization_Name`, `Contact_No`, `Contact_Person`, `Email`, `Country`, `State`, `City`, `Venue`, `Pincode`) VALUES
(6, 'a blood bank', '9058925500', 'anandikumari', 'abloodbank@gmail.com', 'Uttar Pradesh', 'Saharanpur', 'Deoband', 'viil-ransura ,post dbd sre', 908765),
(7, 'b blood bank', '8755009024', 'mukesh aluvalia', 'bbloodbank@gmail.com', 'Australia', 'South Australia', 'Mitchell', 'sh 47,shastri nagar,ghaziabad', 201002),
(8, 'GS Medical College Blood Bank', '8057555547', 'Bhawna Giri', 'gsmedical@gmail.com', 'India', 'Uttar Pradesh', 'Ghaziabad', 'NH-24 Pilkhuwa Hapur', 200120),
(9, 'Sarvodaya Hospital Blood Bank', '9891705808', 'Piyush Mishra', 'bloodbanksarvodaya@gmail.com', 'India', 'Uttar Pradesh', 'Ghaziabad', 'D-3 Kavi Nagar Industrial Area', 201002),
(10, 'Blood Bank Sraswati Institute ', '9841089759', 'Ritu Sahu', 'priyac1805@gmail.com', 'India', 'Uttar Pradesh', 'Ghaziabad', 'N.H. 24, Anvarpur, Pilkhuva, H', 201012),
(11, 'Sangam Charitable Blood Bank', '9205121188', 'Vidhyadhar', 'sarvsamajsangamsociety@gmail.c', 'India', 'Uttar Pradesh', 'Ghaziabad', 'first floor, KRISHNA COMPLEX,1', 201001),
(12, 'Life Line Blood Bank', '01204335488', 'Naresh Kumar', 'drh178@yahoo.com', 'India', 'Uttar Pradesh', 'Ghaziabad', 'Nehrunagar, Ghaziabad,', 201310),
(13, 'Rama Medical College Hopsital ', '8057176919', 'Anubhav Rajput', 'rainaaditi@gmail.com', 'India', 'Uttar Pradesh', 'Ghaziabad', 'Rama Delhi N.H.-24,, Ghaziabad', 201320),
(14, 'Blood Bank Yashoda Hospital', '9718884111', 'Shannu Singh', 'rawatkundan78@gmail.com', 'India', 'Uttar Pradesh', 'Ghaziabad', 'Yashoda Hospital & Research Ce', 201011),
(15, 'Blood Bank Yashoda Hospital', '9718884111', 'Shannu Singh', 'rawatkundan78@gmail.com', 'India', 'Uttar Pradesh', 'Ghaziabad', 'Yashoda Hospital & Research Ce', 201011),
(16, 'Shanti Gopal Hospital Blood Ba', '9811148125', 'Jagdesh Mohan', 'admin@shantigopalalhospitals.c', 'India', 'Uttar Pradesh', 'Ghaziabad', 'Plot No. N.H.-1, Ahinsa Khand-', 201011),
(17, 'Bhagwan Buddha Charitable Bloo', '9599813133', 'Moseen Khan', 'bbcbb2016@gmail.com', 'India', 'Uttar Pradesh', 'Ghaziabad', '1st Floor, Central Market Sect', 201122),
(18, 'Vardan Multi Specialty Hospita', '9410075076', 'Sajad Shafayat', 'vardanmsh@gmail.com', 'India', 'Uttar Pradesh', 'Ghaziabad', 'Garhi Sikroad, Opp. Guldhar, N', 201022),
(19, 'S.B.D. DISTT. HOSPITAL, SAHARA', ' 9457860097', 'Sanjay', 'Sbd.bb.saharanpur@gmail.com', 'India', 'Uttar Pradesh', 'Saharanpur', 'SBD DISTT. HOSPITAL, BAJORIA R', 247554),
(20, 'Tarawati Nursing Home Pvt. Ltd', '8077414314', 'Sridhar Baran', 'rajneetigroup@gmail.com', 'India', 'Uttar Pradesh', 'Saharanpur', 'Manjulkey Garden', 247567),
(21, 'Balaji charitable Blood Bank', '9897593595', 'Mukesh Rao', 'balajibbsaharanpur@gmail.com', 'India', 'Uttar Pradesh', 'Saharanpur', 'Hasapur Chungi, Delhi Road', 207567),
(22, 'City Loins Blood Bank', '9639255365', 'Manjulkey', 'citylionsbb@gmail.com', 'India', 'Uttar Pradesh', 'Saharanpur', 'Manjulkey Garden, Bazuriya Roa', 239870),
(23, 'Shaikh-Ul-Hind Maulana Mahmood', '9557033929', 'Wasiq Anshari', 'drrenusharma1@gmail.com', 'India', 'Uttar Pradesh', 'Saharanpur', 'Ambala Road, Pilkhani', 246789),
(24, 'Blood Bank Kamna Medical Cente', '9927910777', 'Vibhushi Verma', 'rajshubhverma29@gmail.com', 'India', 'Uttar Pradesh', 'Meerut', '187,Bagpat Road,, Meerut', 435671),
(25, 'IMA Meerut Blood Bank', '9997732222', 'Mohan Prataap', 'imabloodbankmeerut@gmail.com', 'India', 'Uttar Pradesh', 'Meerut', 'H.No 380,Shivaji road , near b', 457868),
(26, 'Subharti Blood Bank', '8392929313', 'Maheshwari ', 'subhartibb@yahoo.com', 'India', 'Uttar Pradesh', 'Meerut', ' Meerut By Paas Road', 457890),
(27, 'Sanjeevani Blood Bank', '9927959887', 'Anahika Verma', 'sbbmeerut@gmail.com', 'India', 'Uttar Pradesh', 'Meerut', '644, Bagpat Road', 478956),
(28, 'Lok Priya Blood Bank', ' 9639010551', 'Anash Jain', 'lokpriya_hospital@rediffmail.c', 'India', 'Uttar Pradesh', 'Meerut', 'Garh Road,, Meerut', 564578),
(29, 'Nutema Blood Bank', '7906530890', 'GunjanSharma', 'dhirandrasharma@gmail.com', 'India', 'Uttar Pradesh', 'Meerut', '148/1, opposite LLRM Medical C', 789067),
(30, 'P.L. Sharma Distt. Hospital Bl', '9999774370', 'Vishakaha', 'ssindhuansh@gmail.com', 'India', 'Uttar Pradesh', 'Meerut', 'Ahmad Road, Ghanta Ghar, Meeru', 498078),
(31, 'Blood Bank Jasvant Rai Hospita', '9412715165', 'Yaseen Khan', 'sanjulshaily@yahoo.com', 'India', 'Uttar Pradesh', 'Meerut', 'Sport Stadium, Mavana Road', 564578),
(32, 'Kailashi Hospital Blood Bank', '9456452466', 'Shiv Kaumar', 'nishapmalik15@yahoo.com', 'India', 'Uttar Pradesh', 'Meerut', 'C-2, Shardhapur, Phase-II, Kan', 674587),
(33, 'Blood Bank District Hospital', '9528911454', 'Yaseen Ahamdya', 'cmsbbmznr@gmail.com', 'India', 'Uttar Pradesh', 'Muzaffarnagar', 'District Hospital, Muzaffarnag', 256789),
(34, 'Blood Bank Muzzaffar Nagar Med', '9634194602', 'Ankush Kumar', 'bloodbankmmch@gmail.com', 'India', 'Uttar Pradesh', 'Muzaffarnagar', 'near College Hospital', 678954),
(35, 'Teerathkar Mahavir Hospital & ', ' 9837068919', 'Disrti kumari', 'rakhil27@gmail.com', 'India', 'Uttar Pradesh', 'Muzaffarnagar', 'Plot No. 278, Vill-Nagrampur D', 234789),
(36, 'Shri Sai Hospital & Blood Bank', '9359673324', 'Varesh Pathan', 'dgpath@gmail.com', 'India', 'Uttar Pradesh', 'Muzaffarnagar', 'Delhi Road', 789012),
(37, 'Mother Teresa Charitable Blood', ' 8979568985 ', 'Panjaj Athavale', 'mtfmoradabad@gmail.com', 'India', 'Uttar Pradesh', 'Muzaffarnagar', 'Z3, 2, MDA Colony, Ashiyana Co', 345678),
(38, 'Mother Teresa Charitable Blood', ' 8979568985 ', 'Panjaj Athavale', 'mtfmoradabad@gmail.com', 'India', 'Uttar Pradesh', 'Muzaffarnagar', 'Z3, 2, MDA Colony, Ashiyana Co', 345678),
(39, 'Cosmos Hospital, Blood Bank Multispeciality & Trau', '9837161371', 'Ashish Aluvalia', 'rsinghqqr@gmail.com', 'India', 'Uttar Pradesh', 'Ghaziabad', 'Near Civil Nation Park ,Civil ', 412398),
(40, 'Vishal Donation Camps', '9765431221', 'shiv', 'shiv@gmail.com', 'India', 'Uttar Pradesh', 'Meerut', 'patel pura,house no 15', 200123),
(41, 'Sadev Tatpar Blood Bank Donations', '8533861553', 'Mukul Roe', 'shbank@gmail.com', 'India', 'Uttar Pradesh', 'Muzaffarnagar', 'viil-ransura ,post dbd sre', 908765),
(42, 'Red Cross Donation Camps', '8978900980', 'Mukul Srivastva', 'redcdc3232@gmail.com', 'India', 'Delhi', 'East Delhi', 'sh-47,shastri nagar', 201002);

-- --------------------------------------------------------

--
-- Table structure for table `emergency_donar`
--

CREATE TABLE IF NOT EXISTS `emergency_donar` (
  `em_id` int(10) NOT NULL AUTO_INCREMENT,
  `name` varchar(40) NOT NULL,
  `mobile` varchar(20) NOT NULL,
  `gender` varchar(10) NOT NULL,
  `dob` varchar(30) NOT NULL,
  `bloodgroup` varchar(10) NOT NULL,
  `country` varchar(30) NOT NULL,
  `state` varchar(50) NOT NULL,
  `city` varchar(50) NOT NULL,
  `address` varchar(80) NOT NULL,
  `pincode` int(10) NOT NULL,
  `register_date` timestamp NOT NULL DEFAULT CURRENT_TIMESTAMP,
  PRIMARY KEY (`em_id`)
) ENGINE=InnoDB  DEFAULT CHARSET=latin1 AUTO_INCREMENT=503 ;

--
-- Dumping data for table `emergency_donar`
--

INSERT INTO `emergency_donar` (`em_id`, `name`, `mobile`, `gender`, `dob`, `bloodgroup`, `country`, `state`, `city`, `address`, `pincode`, `register_date`) VALUES
(1, 'Kartik Rastogi', '9765431221', 'male', '1996-07-21', 'A+', 'India', 'Uttar Pradesh', 'Ghaziabad', 'sh-47,shastri nagar, ghaziabad', 201002, '2021-01-13 10:43:29'),
(2, 'Abhimanyu Rana', '+916019876543', 'male', '2001-01-14', 'A+', 'India', 'Uttar Pradesh', 'Ghaziabad', 'govind puram,flat no 45', 543212, '2021-01-13 10:44:35'),
(3, 'Ankur Singh', '7890346780', 'Male', '1998-07-21', 'A+', 'India', 'Uttar Pradesh', 'Ghaziabad', 'near van vibhag as23 vikas nagar', 129078, '2021-01-13 10:52:56'),
(4, 'Mariko H. Rollins', '16140216 7231', '', '04040404-0404-3030', '', '', '', '', '197-9108 Consequat St.', 30703, '2021-01-13 11:04:27'),
(5, 'Chancellor W. Mcclure', '16341101 8231', 'Male', '02020202-1212-2828', 'A+', 'India', 'Uttar Pradesh', 'Ghaziabad', 'P.O. Box 639, 7195 Vestibulum Rd.', 664, '2021-01-13 11:04:27'),
(6, 'Hedda M. Dejesus', '16120704 4304', 'Male', '97979797-0101-0202', 'A+', 'India', 'Uttar Pradesh', 'Ghaziabad', '385-4631 Nec St.', 14102, '2021-01-13 11:04:27'),
(7, 'Alexa P. Dyer', '16700602 2425', 'Male', '16161616-0606-0202', 'A+', 'India', 'Uttar Pradesh', 'Ghaziabad', '6438 At, Street', 0, '2021-01-13 11:04:27'),
(8, 'Damian G. Hickman', '16990323 0028', 'Male', '11111111-0404-0909', 'A+', 'India', 'Uttar Pradesh', 'Ghaziabad', '6799 Ligula. Ave', 423072, '2021-01-13 11:04:27'),
(9, 'Jarrod Q. Mcneil', '16461011 7857', 'Male', '95959595-0505-1414', 'A+', 'India', 'Uttar Pradesh', 'Ghaziabad', 'Ap #319-3761 Porttitor Road', 23268, '2021-01-13 11:04:27'),
(10, 'Brianna E. Bright', '16761130 5116', 'Male', '98989898-0202-1212', 'A+', 'India', 'Uttar Pradesh', 'Ghaziabad', '9124 Malesuada Ave', 2453, '2021-01-13 11:04:27'),
(11, 'Dacey K. Myers', '16430615 1228', 'Male', '05050505-1111-0707', 'A+', 'India', 'Uttar Pradesh', 'Ghaziabad', 'Ap #624-3739 Lobortis Road', 7415, '2021-01-13 11:04:27'),
(12, 'Cameron W. Roy', '16690206 0018', 'Male', '06060606-0505-0101', 'A+', 'India', 'Uttar Pradesh', 'Ghaziabad', '444-9965 Eu Ave', 63386, '2021-01-13 11:04:27'),
(13, 'Portia H. Shannon', '16320320 0849', 'Female', '03030303-0404-2222', 'A+', 'India', 'Uttar Pradesh', 'Ghaziabad', 'Ap #684-1164 Eget Avenue', 17267, '2021-01-13 11:04:27'),
(14, 'Zeph T. Gonzalez', '16090507 0124', 'Female', '16161616-0606-2424', 'A+', 'India', 'Uttar Pradesh', 'Ghaziabad', '2408 Sit Street', 8586, '2021-01-13 11:04:27'),
(15, 'Plato P. Walker', '16550405 9733', 'Female', '98989898-0202-1414', 'A+', 'India', 'Uttar Pradesh', 'Ghaziabad', 'Ap #720-644 Cras Street', 0, '2021-01-13 11:04:27'),
(16, 'Ignatius R. Park', '16720823 6690', 'Female', '17171717-0404-1313', 'A+', 'India', 'Uttar Pradesh', 'Ghaziabad', 'P.O. Box 739, 748 Hendrerit Road', 54643, '2021-01-13 11:04:27'),
(17, 'Henry C. Murphy', '16241006 7041', 'Male', '18181818-1010-1414', 'A+', 'India', 'Uttar Pradesh', 'Ghaziabad', '292-8265 Metus. St.', 54052, '2021-01-13 11:04:27'),
(18, 'April Y. Bowers', '16390812 8519', 'Male', '16161616-0303-0101', 'A+', 'India', 'Uttar Pradesh', 'Ghaziabad', 'Ap #863-1236 Egestas. Rd.', 473660, '2021-01-13 11:04:27'),
(19, 'Aurora K. Caldwell', '16210318 3105', 'Male', '92929292-0303-2525', 'A+', 'India', 'Uttar Pradesh', 'Ghaziabad', '368-5500 Nisl Avenue', 44, '2021-01-13 11:04:27'),
(20, 'Breanna F. Parrish', '16050115 6806', 'Male', '00000000-0606-2222', 'A-', 'India', 'Uttar Pradesh', 'Ghaziabad', 'Ap #656-9818 Sit Av.', 1819, '2021-01-13 11:04:27'),
(21, 'Phyllis M. Gilbert', '16910716 6903', 'Male', '06060606-0303-2121', 'A-', 'India', 'Uttar Pradesh', 'Ghaziabad', '806-5263 Eleifend, Road', 22452, '2021-01-13 11:04:27'),
(22, 'Omar M. Mitchell', '16650907 0907', 'Male', '16161616-0404-1414', 'A-', 'India', 'Uttar Pradesh', 'Ghaziabad', 'Ap #659-7775 Feugiat Avenue', 7839, '2021-01-13 11:04:27'),
(23, 'Caldwell F. Gould', '16570709 2820', 'Male', '20202020-0808-0909', 'A-', 'India', 'Uttar Pradesh', 'Ghaziabad', '409-4409 A Av.', 35191, '2021-01-13 11:04:27'),
(24, 'Logan O. Merritt', '16000619 5382', 'Male', '01010101-0505-2020', 'A-', 'India', 'Uttar Pradesh', 'Ghaziabad', 'Ap #202-4616 Dictum Street', 0, '2021-01-13 11:04:27'),
(25, 'Ali L. Christian', '16910707 0972', 'Male', '03030303-0505-3030', 'A-', 'India', 'Uttar Pradesh', 'Ghaziabad', 'P.O. Box 329, 7340 Penatibus Avenue', 0, '2021-01-13 11:04:27'),
(26, 'Geoffrey M. Casey', '16830702 6651', 'Female', '20202020-0303-0404', 'A-', 'India', 'Uttar Pradesh', 'Ghaziabad', '2458 Faucibus St.', 5079, '2021-01-13 11:04:27'),
(27, 'Lillian O. Dean', '16850207 9216', 'Female', '05050505-0909-0909', 'A-', 'India', 'Uttar Pradesh', 'Ghaziabad', '2380 Adipiscing Rd.', 3132, '2021-01-13 11:04:27'),
(28, 'Orson A. Shepard', '16250324 0109', 'Female', '12121212-0909-1919', 'A-', 'India', 'Uttar Pradesh', 'Ghaziabad', '8516 Feugiat Rd.', 1402, '2021-01-13 11:04:27'),
(29, 'Hamish F. Faulkner', '16660602 4492', 'Female', '03030303-0909-1616', 'A-', 'India', 'Uttar Pradesh', 'Ghaziabad', 'P.O. Box 748, 921 Sed, Rd.', 522094, '2021-01-13 11:04:27'),
(30, 'Mary J. Collier', '16800828 4955', 'Female', '18181818-0808-3131', 'A-', 'India', 'Uttar Pradesh', 'Ghaziabad', 'Ap #618-3482 Et, St.', 20970, '2021-01-13 11:04:27'),
(31, 'Odessa T. Benjamin', '16300910 5325', 'Male', '01010101-0909-1111', 'A-', 'India', 'Uttar Pradesh', 'Ghaziabad', '846-4585 Et, Rd.', 16780, '2021-01-13 11:04:27'),
(32, 'Odette T. Ewing', '16720624 0033', 'Male', '07070707-1111-1313', 'A-', 'India', 'Uttar Pradesh', 'Ghaziabad', 'P.O. Box 297, 9459 Etiam Avenue', 13516, '2021-01-13 11:04:27'),
(33, 'Abbot I. Cote', '16650813 0843', 'Male', '14141414-0101-3030', 'A-', 'India', 'Uttar Pradesh', 'Ghaziabad', 'Ap #848-9854 Lorem. Avenue', 50400, '2021-01-13 11:04:27'),
(34, 'Tanek O. Henry', '16020906 9103', 'Male', '09090909-0202-1212', 'A-', 'India', 'Uttar Pradesh', 'Ghaziabad', 'Ap #661-9369 Cursus St.', 528961, '2021-01-13 11:04:27'),
(35, 'Vivien G. Moon', '16861006 6303', 'Male', '97979797-0505-1515', 'B+', 'India', 'Uttar Pradesh', 'Ghaziabad', 'Ap #692-5458 Semper St.', 873008, '2021-01-13 11:04:27'),
(36, 'Kiona B. Lyons', '16200214 2475', 'Male', '10101010-0909-2323', 'B+', 'India', 'Uttar Pradesh', 'Ghaziabad', '592-1414 Feugiat Avenue', 364152, '2021-01-13 11:04:27'),
(37, 'Leroy D. Walton', '16170730 9280', 'Male', '16161616-1212-2323', 'B+', 'India', 'Uttar Pradesh', 'Ghaziabad', '480-5196 Sed Av.', 850804, '2021-01-13 11:04:27'),
(38, 'Timon I. Callahan', '16160608 2665', 'Male', '05050505-0606-2525', 'B+', 'India', 'Uttar Pradesh', 'Ghaziabad', '7074 Urna. Rd.', 99479, '2021-01-13 11:04:27'),
(39, 'Wesley O. Puckett', '16000906 5962', 'Male', '91919191-0707-0505', 'B+', 'India', 'Uttar Pradesh', 'Ghaziabad', 'P.O. Box 995, 4044 Non Road', 0, '2021-01-13 11:04:27'),
(40, 'Yuri R. Richardson', '16970109 9377', 'Female', '91919191-0303-0101', 'B+', 'India', 'Uttar Pradesh', 'Ghaziabad', '668-3019 Nunc St.', 0, '2021-01-13 11:04:27'),
(41, 'Walker V. Pittman', '16540110 3790', 'Female', '01010101-1010-2020', 'B+', 'India', 'Uttar Pradesh', 'Ghaziabad', '834-6694 Sed Road', 433187, '2021-01-13 11:04:27'),
(42, 'Aladdin A. Stout', '16460910 0211', 'Female', '14141414-0606-1010', 'B+', 'India', 'Uttar Pradesh', 'Ghaziabad', '7870 Ac Ave', 8607, '2021-01-13 11:04:27'),
(43, 'Gwendolyn X. Peck', '16811107 0176', 'Female', '95959595-1010-1616', 'B+', 'India', 'Uttar Pradesh', 'Ghaziabad', '926-3424 Semper, Street', 58012, '2021-01-13 11:04:27'),
(44, 'Alden S. Lloyd', '16650630 8458', 'Female', '10101010-0303-1919', 'B+', 'India', 'Uttar Pradesh', 'Ghaziabad', '476-3202 Facilisis Avenue', 24423, '2021-01-13 11:04:27'),
(45, 'Mara D. Donaldson', '16880413 3158', 'Female', '95959595-1212-1616', 'B+', 'India', 'Uttar Pradesh', 'Ghaziabad', '9755 Sed St.', 0, '2021-01-13 11:04:27'),
(46, 'McKenzie D. Kim', '16910430 4945', 'Male', '18181818-0606-1111', 'B+', 'India', 'Uttar Pradesh', 'Ghaziabad', 'P.O. Box 638, 8902 Proin Ave', 93637, '2021-01-13 11:04:27'),
(47, 'Veronica L. Buckley', '16421125 5650', 'Male', '90909090-1111-0808', 'B+', 'India', 'Uttar Pradesh', 'Ghaziabad', 'P.O. Box 401, 2345 Nulla Ave', 926475, '2021-01-13 11:04:27'),
(48, 'Jolene G. Benjamin', '16870911 4329', 'Male', '20202020-0303-2424', 'B+', 'India', 'Uttar Pradesh', 'Ghaziabad', 'Ap #452-8790 In St.', 57393, '2021-01-13 11:04:27'),
(49, 'Willow S. Wooten', '16020612 3929', 'Male', '97979797-0505-2525', 'B+', 'India', 'Uttar Pradesh', 'Ghaziabad', '6736 Erat Street', 4656, '2021-01-13 11:04:27'),
(50, 'Carolyn D. Shelton', '16491015 5110', 'Male', '99999999-0202-2626', 'B-', 'India', 'Uttar Pradesh', 'Ghaziabad', 'P.O. Box 946, 4256 Turpis. Rd.', 0, '2021-01-13 11:04:27'),
(51, 'Arden E. Snow', '16660925 3304', 'Male', '11111111-1212-2121', 'B-', 'India', 'Uttar Pradesh', 'Ghaziabad', 'P.O. Box 129, 9865 Sapien. Road', 62871, '2021-01-13 11:04:27'),
(52, 'Josiah Q. Crosby', '16851021 3211', 'Male', '05050505-0101-2929', 'B-', 'India', 'Uttar Pradesh', 'Ghaziabad', 'P.O. Box 559, 7310 Dapibus Av.', 448556, '2021-01-13 11:04:27'),
(53, 'Amela G. Wynn', '16481125 6108', 'Male', '03030303-1212-2828', 'B-', 'India', 'Uttar Pradesh', 'Ghaziabad', '6038 Fermentum Avenue', 49062, '2021-01-13 11:04:27'),
(54, 'Megan C. House', '16400527 8389', 'Male', '03030303-0101-3131', 'B-', 'India', 'Uttar Pradesh', 'Ghaziabad', 'Ap #480-3784 Adipiscing Av.', 25494, '2021-01-13 11:04:27'),
(55, 'Randall E. Kemp', '16890907 8696', 'Female', '14141414-0909-0606', 'B-', 'India', 'Uttar Pradesh', 'Ghaziabad', '931-6776 Nisi Street', 403767, '2021-01-13 11:04:27'),
(56, 'Quinlan A. Winters', '16691114 1205', 'Female', '14141414-0303-1818', 'B-', 'India', 'Uttar Pradesh', 'Ghaziabad', 'Ap #742-6286 Turpis. St.', 14354, '2021-01-13 11:04:27'),
(57, 'Gabriel S. Spears', '16610922 2221', 'Female', '95959595-0202-0404', 'B-', 'India', 'Uttar Pradesh', 'Ghaziabad', '272-5688 Metus Road', 17722, '2021-01-13 11:04:27'),
(58, 'Moana K. Compton', '16330918 2693', 'Female', '20202020-0101-1313', 'B-', 'India', 'Uttar Pradesh', 'Ghaziabad', '2149 Lobortis Street', 0, '2021-01-13 11:04:27'),
(59, 'Claire W. Williams', '16501020 0201', 'Male', '94949494-0808-0505', 'B-', 'India', 'Uttar Pradesh', 'Ghaziabad', '340-4430 Nibh. Road', 4272, '2021-01-13 11:04:27'),
(60, 'Travis Y. Weaver', '16630508 8376', 'Male', '20202020-0606-2424', 'AB+', 'India', 'Uttar Pradesh', 'Ghaziabad', 'Ap #565-6403 Lorem St.', 827154, '2021-01-13 11:04:27'),
(61, 'Nicholas Y. Gilliam', '16030609 9771', 'Male', '13131313-0404-1313', 'AB+', 'India', 'Uttar Pradesh', 'Ghaziabad', 'P.O. Box 741, 193 Fusce Road', 0, '2021-01-13 11:04:27'),
(62, 'Jaquelyn Q. Pruitt', '16960625 7401', 'Male', '03030303-0606-1515', 'AB+', 'India', 'Uttar Pradesh', 'Ghaziabad', '522-8203 Dignissim. Street', 40806, '2021-01-13 11:04:27'),
(63, 'Ifeoma M. Prince', '16820111 6152', 'Male', '11111111-1111-2121', 'AB+', 'India', 'Uttar Pradesh', 'Ghaziabad', 'Ap #896-694 Turpis Rd.', 241880, '2021-01-13 11:04:27'),
(64, 'Kennan T. Love', '16210503 0015', 'Male', '19191919-0303-1717', 'AB+', 'India', 'Uttar Pradesh', 'Ghaziabad', 'P.O. Box 889, 1874 Dolor. Av.', 7284, '2021-01-13 11:04:27'),
(65, 'Len Y. Craft', '16180221 0714', 'Male', '92929292-0707-3131', 'AB+', 'India', 'Uttar Pradesh', 'Ghaziabad', '142 Nunc Av.', 10796, '2021-01-13 11:04:27'),
(66, 'Fletcher N. Cervantes', '16631206 4287', 'Male', '91919191-0808-0303', 'AB+', 'India', 'Uttar Pradesh', 'Ghaziabad', 'Ap #732-3166 Dui, Ave', 95140, '2021-01-13 11:04:27'),
(67, 'Shaine L. Norton', '16350615 0311', 'Male', '96969696-0101-1212', 'AB+', 'India', 'Uttar Pradesh', 'Ghaziabad', 'P.O. Box 128, 7118 Lacus. St.', 68, '2021-01-13 11:04:27'),
(68, 'Amity V. Stephenson', '16791123 7142', 'Female', '94949494-0808-2626', 'AB+', 'India', 'Uttar Pradesh', 'Ghaziabad', 'Ap #499-314 Libero Rd.', 0, '2021-01-13 11:04:27'),
(69, 'TaShya S. Roach', '16260907 3057', 'Female', '95959595-1111-1212', 'AB+', 'India', 'Uttar Pradesh', 'Ghaziabad', '4059 Euismod Rd.', 40903, '2021-01-13 11:04:27'),
(70, 'Benjamin C. Cole', '16971107 5680', 'Female', '09090909-0909-0505', 'AB+', 'India', 'Uttar Pradesh', 'Ghaziabad', 'P.O. Box 341, 2674 Mus. St.', 1778, '2021-01-13 11:04:27'),
(71, 'Tatiana Q. Nguyen', '16661218 3308', 'Female', '91919191-0101-0606', 'AB+', 'India', 'Uttar Pradesh', 'Ghaziabad', '6898 Risus St.', 852, '2021-01-13 11:04:27'),
(72, 'Kitra Q. Fletcher', '16490329 2250', 'Female', '02020202-1010-0909', 'AB+', 'India', 'Uttar Pradesh', 'Ghaziabad', 'Ap #711-3076 Arcu. Av.', 46729, '2021-01-13 11:04:27'),
(73, 'Alvin L. Bender', '16041106 4058', 'Male', '05050505-0909-2222', 'AB+', 'India', 'Uttar Pradesh', 'Ghaziabad', 'P.O. Box 768, 1042 Diam Ave', 83742, '2021-01-13 11:04:27'),
(74, 'Kadeem G. Dean', '16481020 6757', 'Male', '19191919-0606-1919', 'AB+', 'India', 'Uttar Pradesh', 'Ghaziabad', '135-7065 Mollis Ave', 98466, '2021-01-13 11:04:27'),
(75, 'Claire K. Mason', '16170625 4495', 'Male', '11111111-1111-2323', 'AB-', 'India', 'Uttar Pradesh', 'Ghaziabad', 'Ap #329-4058 Sapien. Av.', 661866, '2021-01-13 11:04:27'),
(76, 'Chaney Q. Hayden', '16481205 5145', 'Male', '00000000-0404-2525', 'AB-', 'India', 'Uttar Pradesh', 'Ghaziabad', 'Ap #897-7408 Arcu Street', 6416, '2021-01-13 11:04:27'),
(77, 'Quin P. Tillman', '16580209 8235', 'Male', '08080808-0404-0909', 'AB-', 'India', 'Uttar Pradesh', 'Ghaziabad', 'P.O. Box 789, 4804 Proin Rd.', 661617, '2021-01-13 11:04:27'),
(78, 'Gloria U. Hamilton', '16300818 0485', 'Male', '13131313-0303-0505', 'AB-', 'India', 'Uttar Pradesh', 'Ghaziabad', '6345 Posuere Rd.', 0, '2021-01-13 11:04:27'),
(79, 'Maya Y. Harvey', '16440318 6374', 'Male', '02020202-1010-0303', 'AB-', 'India', 'Uttar Pradesh', 'Ghaziabad', '2308 Magna. Road', 864326, '2021-01-13 11:04:27'),
(80, 'Dominique G. Tanner', '16710727 2101', 'Male', '95959595-0606-0808', 'AB-', 'India', 'Uttar Pradesh', 'Ghaziabad', 'Ap #212-8632 Aliquam Rd.', 284007, '2021-01-13 11:04:27'),
(81, 'Keefe G. Barr', '16950116 7119', 'Female', '01010101-0404-0404', 'AB-', 'India', 'Uttar Pradesh', 'Ghaziabad', '303-7371 Eu Rd.', 664652, '2021-01-13 11:04:27'),
(82, 'Xaviera G. Pace', '16301018 0218', 'Female', '93939393-1010-2424', 'AB-', 'India', 'Uttar Pradesh', 'Ghaziabad', '936-8500 Erat Street', 39074, '2021-01-13 11:04:27'),
(83, 'Ulric C. Bentley', '16610229 3336', 'Female', '20202020-0303-1616', 'AB-', 'India', 'Uttar Pradesh', 'Ghaziabad', '6038 Ipsum Ave', 23790, '2021-01-13 11:04:27'),
(84, 'Keelie G. Sanders', '16631107 1564', 'Female', '91919191-1111-2424', 'AB-', 'India', 'Uttar Pradesh', 'Ghaziabad', '5535 Curabitur Road', 73497, '2021-01-13 11:04:27'),
(85, 'Guinevere Y. Nelson', '16490908 1988', 'Female', '99999999-1010-2929', 'AB-', 'India', 'Uttar Pradesh', 'Ghaziabad', '655-3727 Enim. Road', 99335, '2021-01-13 11:04:27'),
(86, 'Vaughan X. Carroll', '16180113 3271', 'Female', '09090909-0909-0707', 'AB-', 'India', 'Uttar Pradesh', 'Ghaziabad', '6645 Faucibus Street', 8456, '2021-01-13 11:04:27'),
(87, 'Phoebe R. Mcfarland', '16671128 1201', 'Male', '94949494-1111-2525', 'AB-', 'India', 'Uttar Pradesh', 'Ghaziabad', '849-691 Gravida. Rd.', 82076, '2021-01-13 11:04:27'),
(88, 'Bruce R. Walter', '16040516 5697', 'Male', '01010101-0808-2424', 'AB-', 'India', 'Uttar Pradesh', 'Ghaziabad', 'Ap #422-9370 Sem Rd.', 7550, '2021-01-13 11:04:27'),
(89, 'Buffy M. Dotson', '16000810 7138', 'Male', '97979797-0909-2323', 'AB-', 'India', 'Uttar Pradesh', 'Ghaziabad', '226-295 Morbi Av.', 655763, '2021-01-13 11:04:27'),
(90, 'Kiayada F. Hester', '16550325 1851', 'Male', '11111111-0606-0505', 'O+', 'India', 'Uttar Pradesh', 'Ghaziabad', 'P.O. Box 263, 8983 Sagittis Street', 0, '2021-01-13 11:04:27'),
(91, 'Camden A. Ruiz', '16090507 6394', 'Male', '19191919-0303-0909', 'O+', 'India', 'Uttar Pradesh', 'Ghaziabad', '2229 Etiam Road', 45041, '2021-01-13 11:04:27'),
(92, 'Lesley V. Park', '16051120 3879', 'Male', '95959595-0303-2525', 'O+', 'India', 'Uttar Pradesh', 'Ghaziabad', '975-8213 Diam. Road', 45423, '2021-01-13 11:04:27'),
(93, 'Serina D. Horton', '16341108 7442', 'Male', '04040404-0303-3131', 'O+', 'India', 'Uttar Pradesh', 'Ghaziabad', 'P.O. Box 875, 5649 Aenean Ave', 75322, '2021-01-13 11:04:27'),
(94, 'Maia M. Leblanc', '16480221 5477', 'Male', '90909090-0202-1414', 'O+', 'India', 'Uttar Pradesh', 'Ghaziabad', 'P.O. Box 862, 6938 In, St.', 911089, '2021-01-13 11:04:27'),
(95, 'Joel A. Wells', '16370513 7523', 'Female', '10101010-0707-0303', 'O+', 'India', 'Uttar Pradesh', 'Ghaziabad', 'Ap #375-4255 Sapien St.', 22327, '2021-01-13 11:04:27'),
(96, 'Davis R. Morales', '16190107 3583', 'Female', '14141414-0303-3131', 'O+', 'India', 'Uttar Pradesh', 'Ghaziabad', 'P.O. Box 401, 347 Nam Road', 42171, '2021-01-13 11:04:27'),
(97, 'Gretchen Q. Walters', '16600204 7170', 'Female', '97979797-0808-1818', 'O+', 'India', 'Uttar Pradesh', 'Ghaziabad', 'P.O. Box 192, 6273 Nibh. Rd.', 22403, '2021-01-13 11:04:27'),
(98, 'Gareth Y. Meyer', '16300122 5873', 'Female', '05050505-0808-3030', 'O+', 'India', 'Uttar Pradesh', 'Ghaziabad', 'Ap #183-1746 Risus Avenue', 51818, '2021-01-13 11:04:27'),
(99, 'Clementine P. Sullivan', '16461125 2729', 'Male', '90909090-1111-2020', 'O+', 'India', 'Uttar Pradesh', 'Ghaziabad', '4699 Ac, Road', 1807, '2021-01-13 11:04:27'),
(100, 'Gay X. Gill', '16560305 3405', 'Male', '08080808-0404-2929', 'O+', 'India', 'Uttar Pradesh', 'Ghaziabad', '317-5277 Vel, Av.', 7815, '2021-01-13 11:04:27'),
(101, 'Shana L. Berry', '16940624 5168', 'Male', '16161616-0707-1010', 'O+', 'India', 'Uttar Pradesh', 'Ghaziabad', 'Ap #705-2456 Eu, Rd.', 45711, '2021-01-13 11:04:27'),
(102, 'Walker H. Ashley', '16281024 6179', 'Male', '92929292-0505-0808', 'O+', 'India', 'Uttar Pradesh', 'Ghaziabad', 'Ap #704-7889 Feugiat Ave', 66984, '2021-01-13 11:04:27'),
(103, 'Clio M. Curtis', '16221220 0410', 'Male', '18181818-0707-1616', 'O-', 'India', 'Uttar Pradesh', 'Ghaziabad', 'P.O. Box 688, 1355 Aliquet Road', 5948, '2021-01-13 11:04:27'),
(104, 'Kameko Q. Battle', '16700806 1850', 'Male', '90909090-1212-1111', 'O-', 'India', 'Uttar Pradesh', 'Ghaziabad', '341 Eget Av.', 93495, '2021-01-13 11:23:48'),
(105, 'Lyle V. Mcgowan', '16221105 2549', 'Male', '99999999-0202-2828', 'O-', 'India', 'Uttar Pradesh', 'Ghaziabad', 'P.O. Box 907, 1783 Lorem, St.', 480038, '2021-01-13 11:23:48'),
(106, 'Brianna L. Parks', '16390514 4774', 'Female', '96969696-0707-2929', 'O-', 'India', 'Uttar Pradesh', 'Ghaziabad', '129 Quam St.', 14832, '2021-01-13 11:23:48'),
(107, 'Linus X. Black', '16090308 7195', 'Female', '94949494-0606-0505', 'O-', 'India', 'Uttar Pradesh', 'Ghaziabad', 'P.O. Box 761, 9669 Etiam Rd.', 16305, '2021-01-13 11:23:48'),
(108, 'Lee Q. Pittman', '16930604 9785', 'Female', '03030303-0808-1313', 'O-', 'India', 'Uttar Pradesh', 'Ghaziabad', 'Ap #902-7173 Tellus Road', 76373, '2021-01-13 11:23:48'),
(109, 'Bertha N. Burgess', '16101109 0915', 'Female', '96969696-1010-1818', 'O-', 'India', 'Uttar Pradesh', 'Ghaziabad', '750-2325 Velit. Street', 22501, '2021-01-13 11:23:48'),
(110, 'Colby M. Greene', '16971211 5196', 'Female', '12121212-0303-1717', 'O-', 'India', 'Uttar Pradesh', 'Ghaziabad', 'Ap #197-4316 Ut Av.', 40609, '2021-01-13 11:23:48'),
(111, 'Ora P. Sears', '16890722 1330', 'Female', '05050505-0606-1111', 'O-', 'India', 'Uttar Pradesh', 'Ghaziabad', 'P.O. Box 657, 8260 Donec Road', 13426, '2021-01-13 11:23:48'),
(112, 'Mason Y. Payne', '16471026 5382', 'Female', '95959595-0404-2525', 'O-', 'India', 'Uttar Pradesh', 'Ghaziabad', 'Ap #990-5817 Sem Avenue', 446779, '2021-01-13 11:23:48'),
(113, 'Stacey W. Herring', '16400613 7972', 'Female', '18181818-1010-1111', 'O-', 'India', 'Uttar Pradesh', 'Ghaziabad', '549-6167 Nibh. St.', 3915, '2021-01-13 11:23:48'),
(114, 'Moana C. Campos', '16600319 7594', 'Female', '16161616-0606-1616', 'O-', 'India', 'Uttar Pradesh', 'Ghaziabad', 'Ap #485-7627 Enim. Road', 911799, '2021-01-13 11:23:48'),
(115, 'Evan J. Ramos', '16651110 2789', 'Male', '18181818-1212-1717', 'O-', 'India', 'Uttar Pradesh', 'Ghaziabad', '376 Nunc Av.', 9625, '2021-01-13 11:23:48'),
(116, 'Wang O. Hewitt', '16440603 1478', 'Male', '90909090-0505-2626', 'O-', 'India', 'Uttar Pradesh', 'Ghaziabad', '746-8492 Aliquet Rd.', 0, '2021-01-13 11:23:48'),
(117, 'Ingrid A. Velez', '16890311 3705', 'Male', '05050505-0909-2222', 'O-', 'India', 'Uttar Pradesh', 'Ghaziabad', '886-6237 Congue Rd.', 52789, '2021-01-13 11:23:48'),
(118, 'Barbara C. Burris', '16230612 4062', 'Male', '96969696-0909-1111', 'O-', 'India', 'Uttar Pradesh', 'Ghaziabad', '1477 Nonummy Rd.', 34879, '2021-01-13 11:23:48'),
(119, 'Kellie P. Pope', '16480917 9593', 'Male', '00000000-0707-0707', 'O-', 'India', 'Uttar Pradesh', 'Ghaziabad', '5953 Dictum Rd.', 7344, '2021-01-13 11:23:48'),
(120, 'Yasir S. Lowery', '16651226 5569', 'Male', '05050505-0909-2929', 'A+', 'India', 'Uttar Pradesh', 'Meerut', 'P.O. Box 601, 1953 Porta Rd.', 0, '2021-01-13 11:23:48'),
(121, 'Hanae K. Singleton', '16520709 4037', 'Male', '14141414-0707-2828', 'A+', 'India', 'Uttar Pradesh', 'Meerut', 'P.O. Box 537, 6933 Dictum Avenue', 50976, '2021-01-13 11:23:48'),
(122, 'Sydnee J. Valentine', '16360511 3418', 'Male', '98989898-0909-1313', 'A+', 'India', 'Uttar Pradesh', 'Meerut', 'Ap #867-553 Phasellus St.', 5375, '2021-01-13 11:23:48'),
(123, 'Natalie Q. Gamble', '16130122 7649', 'Male', '90909090-0101-2929', 'A+', 'India', 'Uttar Pradesh', 'Meerut', '488-2828 Neque. Street', 450290, '2021-01-13 11:23:48'),
(124, 'Martha S. Simpson', '16570119 5884', 'Male', '90909090-0303-1616', 'A+', 'India', 'Uttar Pradesh', 'Meerut', 'Ap #689-2485 Ligula Ave', 3666, '2021-01-13 11:23:48'),
(125, 'Clayton H. Cummings', '16990118 1454', 'Female', '16161616-0101-1111', 'A+', 'India', 'Uttar Pradesh', 'Meerut', 'P.O. Box 603, 8552 Morbi Street', 12612, '2021-01-13 11:23:48'),
(126, 'Philip A. Madden', '16480809 5154', 'Female', '00000000-0606-1010', 'A+', 'India', 'Uttar Pradesh', 'Meerut', 'Ap #326-7958 Augue Street', 474036, '2021-01-13 11:23:48'),
(127, 'Ali Z. Vega', '16501220 5141', 'Female', '16161616-0101-2020', 'A+', 'India', 'Uttar Pradesh', 'Meerut', 'Ap #119-8660 Dignissim Road', 695, '2021-01-13 11:23:48'),
(128, 'Joy A. Pruitt', '16380719 3952', 'Female', '10101010-0303-0808', 'A+', 'India', 'Uttar Pradesh', 'Meerut', '499-7077 Erat Road', 66, '2021-01-13 11:23:48'),
(129, 'Barry A. Harmon', '16990130 3140', 'Female', '99999999-1212-1212', 'A+', 'India', 'Uttar Pradesh', 'Meerut', 'P.O. Box 157, 2714 Nullam St.', 60173, '2021-01-13 11:23:48'),
(130, 'Roary A. Valencia', '16860821 2406', 'Male', '06060606-0606-2525', 'A+', 'India', 'Uttar Pradesh', 'Meerut', 'Ap #685-5252 Nisl Rd.', 49086, '2021-01-13 11:23:48'),
(131, 'Halee Y. Gibbs', '16120618 0380', 'Male', '04040404-0707-0505', 'A+', 'India', 'Uttar Pradesh', 'Meerut', '108-2624 Sem Avenue', 7920, '2021-01-13 11:23:48'),
(132, 'Noble D. Cole', '16601020 3229', 'Male', '12121212-0505-2525', 'A+', 'India', 'Uttar Pradesh', 'Meerut', '5711 Convallis Avenue', 0, '2021-01-13 11:23:48'),
(133, 'Forrest I. Wilkerson', '16210802 7273', 'Female', '15151515-1111-2323', 'A-', 'India', 'Uttar Pradesh', 'Meerut', '770-3531 Elit Rd.', 96934, '2021-01-13 11:23:48'),
(134, 'Iola K. Conway', '16420814 8272', 'Female', '91919191-0606-2828', 'A-', 'India', 'Uttar Pradesh', 'Meerut', '1628 Vel St.', 945848, '2021-01-13 11:23:48'),
(135, 'Camilla D. Britt', '16270619 4392', 'Female', '90909090-1111-0303', 'A-', 'India', 'Uttar Pradesh', 'Meerut', 'P.O. Box 270, 9085 Metus. Ave', 71506, '2021-01-13 11:23:48'),
(136, 'Farrah Y. Kramer', '16480519 0651', 'Female', '01010101-0101-1414', 'A-', 'India', 'Uttar Pradesh', 'Meerut', 'P.O. Box 170, 1381 Cursus Road', 0, '2021-01-13 11:23:48'),
(137, 'Maggie L. Avery', '16070409 9779', 'Female', '99999999-0505-1717', 'A-', 'India', 'Uttar Pradesh', 'Meerut', 'Ap #630-8226 Pede. Rd.', 92426, '2021-01-13 11:23:48'),
(138, 'Dacey P. Conner', '16111015 4984', 'Female', '03030303-0101-0909', 'A-', 'India', 'Uttar Pradesh', 'Meerut', '9330 Nunc Road', 7581, '2021-01-13 11:23:48'),
(139, 'Clementine F. Patterson', '16740714 0081', 'Male', '98989898-0808-3030', 'A-', 'India', 'Uttar Pradesh', 'Meerut', 'Ap #735-9942 Vestibulum. Av.', 394115, '2021-01-13 11:23:48'),
(140, 'Clayton G. Arnold', '16970906 1403', 'Male', '94949494-0909-1717', 'A-', 'India', 'Uttar Pradesh', 'Meerut', 'P.O. Box 362, 2233 Ante Avenue', 44801, '2021-01-13 11:23:48'),
(141, 'Lois H. Morin', '16821130 7510', 'Male', '90909090-1111-0909', 'A-', 'India', 'Uttar Pradesh', 'Meerut', 'P.O. Box 739, 5247 Turpis Ave', 127156, '2021-01-13 11:23:48'),
(142, 'Nina U. Summers', '16560123 0393', 'Male', '93939393-0606-1010', 'A-', 'India', 'Uttar Pradesh', 'Meerut', '341-4998 Sagittis Rd.', 947502, '2021-01-13 11:23:48'),
(143, 'Germane R. Simon', '16961216 5101', 'Male', '08080808-0303-1616', 'A-', 'India', 'Uttar Pradesh', 'Meerut', '9238 Euismod Rd.', 572421, '2021-01-13 11:23:48'),
(144, 'Germane B. Mathews', '16310819 5607', 'Male', '19191919-0404-2727', 'A-', 'India', 'Uttar Pradesh', 'Meerut', 'P.O. Box 219, 9372 Aliquet Av.', 418662, '2021-01-13 11:23:48'),
(145, 'Adria N. Fisher', '16091205 3469', 'Male', '04040404-0808-0909', 'A-', 'India', 'Uttar Pradesh', 'Meerut', 'Ap #125-5077 Vel St.', 50886, '2021-01-13 11:23:48'),
(146, 'Sloane L. Chang', '16540314 8959', 'Male', '92929292-0505-3131', 'A-', 'India', 'Uttar Pradesh', 'Meerut', 'P.O. Box 463, 7200 Convallis Rd.', 57817, '2021-01-13 11:23:48'),
(147, 'Mary E. Rollins', '16180220 8023', 'Male', '90909090-0404-2828', 'A-', 'India', 'Uttar Pradesh', 'Meerut', 'P.O. Box 892, 3013 Parturient Rd.', 0, '2021-01-13 11:23:48'),
(148, 'Aquila G. Buck', '16020715 5524', 'Male', '93939393-0505-0505', 'A-', 'India', 'Uttar Pradesh', 'Meerut', 'Ap #599-723 Nibh St.', 21540, '2021-01-13 11:23:48'),
(149, 'Ria X. Molina', '16300820 5456', 'Male', '13131313-0101-0808', 'A-', 'India', 'Uttar Pradesh', 'Meerut', '303-904 Suspendisse Rd.', 80668, '2021-01-13 11:23:48'),
(150, 'India D. Kinney', '16061102 8176', 'Male', '09090909-0101-3131', 'B+', 'India', 'Uttar Pradesh', 'Meerut', 'Ap #895-4142 Fusce Avenue', 781382, '2021-01-13 11:23:48'),
(151, 'Yardley F. Wilkins', '16810401 2722', 'Male', '20202020-0303-1919', 'B+', 'India', 'Uttar Pradesh', 'Meerut', '516-4281 Nulla Rd.', 787350, '2021-01-13 11:23:48'),
(152, 'Blythe Y. Nicholson', '16461207 9345', 'Male', '91919191-1010-1515', 'B+', 'India', 'Uttar Pradesh', 'Meerut', '5301 Vel Rd.', 75109, '2021-01-13 11:23:48'),
(153, 'Naomi N. Mitchell', '16440112 3635', 'Male', '06060606-0202-2020', 'B+', 'India', 'Uttar Pradesh', 'Meerut', 'P.O. Box 229, 117 Libero St.', 87121, '2021-01-13 11:23:48'),
(154, 'Axel Y. Hayden', '16390614 4534', 'Male', '97979797-0404-1212', 'B+', 'India', 'Uttar Pradesh', 'Meerut', '853-8085 Ipsum Ave', 84687, '2021-01-13 11:23:48'),
(155, 'Wynne J. Alford', '16281220 1115', 'Male', '01010101-1111-1414', 'B+', 'India', 'Uttar Pradesh', 'Meerut', 'P.O. Box 209, 2185 Elit Street', 41314, '2021-01-13 11:23:48'),
(156, 'McKenzie B. Garner', '16590208 6825', 'Male', '14141414-0101-2121', 'B+', 'India', 'Uttar Pradesh', 'Meerut', 'P.O. Box 535, 2481 Ultricies Avenue', 0, '2021-01-13 11:23:48'),
(157, 'Lunea H. Bean', '16660628 0870', 'Male', '18181818-1010-1414', 'B+', 'India', 'Uttar Pradesh', 'Meerut', 'Ap #296-8771 Nunc Rd.', 622864, '2021-01-13 11:23:48'),
(158, 'Kylan Y. Cross', '16550203 1296', 'Male', '08080808-1212-0101', 'B+', 'India', 'Uttar Pradesh', 'Meerut', 'P.O. Box 963, 806 Dignissim Rd.', 898229, '2021-01-13 11:23:48'),
(159, 'Maia H. Chambers', '16230811 3220', 'Male', '16161616-0909-0404', 'B+', 'India', 'Uttar Pradesh', 'Meerut', 'Ap #560-5348 Fusce Road', 751075, '2021-01-13 11:23:48'),
(160, 'Hiram W. Hall', '16701116 4782', 'Female', '06060606-0101-1010', 'B+', 'India', 'Uttar Pradesh', 'Meerut', '3836 Facilisi. Avenue', 0, '2021-01-13 11:23:48'),
(161, 'Brynne D. Medina', '16340618 6159', 'Female', '95959595-0808-0909', 'B+', 'India', 'Uttar Pradesh', 'Meerut', '7670 Consectetuer Street', 412328, '2021-01-13 11:23:48'),
(162, 'Holmes I. Ball', '16910617 8578', 'Female', '09090909-1111-1515', 'B+', 'India', 'Uttar Pradesh', 'Meerut', 'Ap #584-7972 Libero Rd.', 0, '2021-01-13 11:23:48'),
(163, 'Eliana I. Greer', '16220523 6421', 'Female', '10101010-0404-0606', 'B+', 'India', 'Uttar Pradesh', 'Meerut', 'Ap #376-7211 A, Rd.', 38302, '2021-01-13 11:23:48'),
(164, 'Howard F. Macias', '16470103 1488', 'Female', '01010101-0404-1010', 'B+', 'India', 'Uttar Pradesh', 'Meerut', 'Ap #871-8223 Donec Rd.', 64246, '2021-01-13 11:23:48'),
(165, 'Chancellor Z. Richmond', '16240516 2591', 'Male', '91919191-0505-0909', 'B-', 'India', 'Uttar Pradesh', 'Meerut', 'Ap #372-189 Cursus Rd.', 0, '2021-01-13 11:23:48'),
(166, 'Neville B. Mcgee', '16630811 2678', 'Male', '16161616-0808-2828', 'B-', 'India', 'Uttar Pradesh', 'Meerut', '461-4931 Consectetuer Rd.', 0, '2021-01-13 11:23:48'),
(167, 'Felix D. Sellers', '16840430 6956', 'Male', '18181818-0101-2929', 'B-', 'India', 'Uttar Pradesh', 'Meerut', '178-6334 Lectus, Street', 21041, '2021-01-13 11:23:48'),
(168, 'Dalton F. Frank', '16080805 8184', 'Male', '92929292-0909-1313', 'B-', 'India', 'Uttar Pradesh', 'Meerut', '2728 Cras Street', 41412, '2021-01-13 11:23:48'),
(169, 'Aquila Y. Ferguson', '16040118 0013', 'Male', '16161616-0909-2222', 'B-', 'India', 'Uttar Pradesh', 'Meerut', 'Ap #952-9189 In Rd.', 1337, '2021-01-13 11:23:48'),
(170, 'Belle L. Battle', '16031120 8524', 'Male', '95959595-0505-1515', 'B-', 'India', 'Uttar Pradesh', 'Meerut', 'Ap #254-363 A, St.', 75555, '2021-01-13 11:23:48'),
(171, 'Venus K. Snyder', '16790117 2903', 'Male', '07070707-0808-2828', 'B-', 'India', 'Uttar Pradesh', 'Meerut', '335-2938 Vestibulum Av.', 5821, '2021-01-13 11:23:48'),
(172, 'Sybil E. Johnston', '16940523 9170', 'Male', '96969696-0606-0808', 'B-', 'India', 'Uttar Pradesh', 'Meerut', 'Ap #735-1235 In St.', 55, '2021-01-13 11:23:48'),
(173, 'Wyatt C. Hartman', '16131026 6935', 'Male', '94949494-0606-0303', 'B-', 'India', 'Uttar Pradesh', 'Meerut', '220 Odio Rd.', 57179, '2021-01-13 11:23:48'),
(174, 'Cassandra F. Briggs', '16580402 7083', 'Male', '95959595-0202-2828', 'B-', 'India', 'Uttar Pradesh', 'Meerut', '5554 Cras Street', 19011, '2021-01-13 11:23:48'),
(175, 'Richard W. Parsons', '16670413 0258', 'Female', '05050505-0404-1818', 'B-', 'India', 'Uttar Pradesh', 'Meerut', 'P.O. Box 548, 8493 Scelerisque Avenue', 8509, '2021-01-13 11:23:48'),
(176, 'Beau C. Rutledge', '16170429 5540', 'Female', '95959595-0707-0707', 'B-', 'India', 'Uttar Pradesh', 'Meerut', '423-3323 Dui. Road', 79579, '2021-01-13 11:23:48'),
(177, 'Haley P. Santana', '16511227 1639', 'Female', '15151515-0404-0202', 'B-', 'India', 'Uttar Pradesh', 'Meerut', 'P.O. Box 116, 2148 Etiam Av.', 89128, '2021-01-13 11:23:48'),
(178, 'Hall M. Holt', '16870827 8182', 'Female', '01010101-0101-1111', 'B-', 'India', 'Uttar Pradesh', 'Meerut', '1836 Adipiscing Ave', 0, '2021-01-13 11:23:48'),
(179, 'Janna M. Richardson', '16030424 4726', 'Female', '18181818-0707-2929', 'B-', 'India', 'Uttar Pradesh', 'Meerut', '259-838 Dolor Rd.', 6183, '2021-01-13 11:23:48'),
(180, 'Maryam I. Leon', '16880901 4783', 'Male', '14141414-0202-1818', 'AB+', 'India', 'Uttar Pradesh', 'Meerut', '152-7198 Nonummy. St.', 60811, '2021-01-13 11:23:48'),
(181, 'Caleb A. Pruitt', '16000709 6589', 'Male', '95959595-1010-0303', 'AB+', 'India', 'Uttar Pradesh', 'Meerut', '5460 Mi. St.', 6876, '2021-01-13 11:23:48'),
(182, 'Aristotle A. Snow', '16880529 5675', 'Male', '00000000-0808-2929', 'AB+', 'India', 'Uttar Pradesh', 'Meerut', '485-2186 Nulla Av.', 0, '2021-01-13 11:23:48'),
(183, 'Rooney F. Vazquez', '16250223 2271', 'Male', '91919191-0909-2525', 'AB+', 'India', 'Uttar Pradesh', 'Meerut', 'Ap #830-4957 Et Ave', 250736, '2021-01-13 11:23:48'),
(184, 'Kylee M. Dennis', '16691012 0762', 'Male', '10101010-1212-1818', 'AB+', 'India', 'Uttar Pradesh', 'Meerut', '2176 Ligula. Rd.', 4034, '2021-01-13 11:23:48'),
(185, 'Olivia C. Gamble', '16961223 6415', 'Male', '16161616-0202-0202', 'AB+', 'India', 'Uttar Pradesh', 'Meerut', '651-4086 Scelerisque Road', 88259, '2021-01-13 11:23:48'),
(186, 'Hyacinth G. Sullivan', '16390812 6489', 'Male', '20202020-1111-1212', 'AB+', 'India', 'Uttar Pradesh', 'Meerut', '722-7965 Sollicitudin St.', 16800, '2021-01-13 11:23:48'),
(187, 'Tamara Q. Dodson', '16821107 1314', 'Male', '99999999-0909-1414', 'AB+', 'India', 'Uttar Pradesh', 'Meerut', '5736 Lectus Street', 66872, '2021-01-13 11:23:48'),
(188, 'Hilda K. Jennings', '16190317 3043', 'Male', '95959595-0505-2828', 'AB+', 'India', 'Uttar Pradesh', 'Meerut', '188-5745 Duis Rd.', 0, '2021-01-13 11:23:48'),
(189, 'Vivian X. Mccarthy', '16750614 6039', 'Male', '11111111-0505-2828', 'AB+', 'India', 'Uttar Pradesh', 'Meerut', '8073 Lacus. St.', 5625, '2021-01-13 11:23:48'),
(190, 'Velma R. Conley', '16730701 8635', 'Male', '06060606-0202-1313', 'AB+', 'India', 'Uttar Pradesh', 'Meerut', '837-1547 Velit Ave', 251582, '2021-01-13 11:23:48'),
(191, 'Amos A. Pratt', '16770823 3791', 'Male', '09090909-0101-3030', 'AB+', 'India', 'Uttar Pradesh', 'Meerut', 'P.O. Box 809, 4724 Elementum, St.', 6098, '2021-01-13 11:23:48'),
(192, 'Mufutau A. Thompson', '16300312 6301', 'Female', '13131313-0606-1212', 'AB+', 'India', 'Uttar Pradesh', 'Meerut', '316-815 Arcu Street', 4390, '2021-01-13 11:23:48'),
(193, 'Sierra V. Sanders', '16180523 8571', 'Female', '20202020-1111-0707', 'AB+', 'India', 'Uttar Pradesh', 'Meerut', 'Ap #602-6521 Erat. Rd.', 6608, '2021-01-13 11:23:48'),
(194, 'Hop V. Conner', '16940222 1411', 'Female', '07070707-1212-1616', 'AB+', 'India', 'Uttar Pradesh', 'Meerut', '509-7646 Molestie Road', 162581, '2021-01-13 11:23:48'),
(195, 'Marvin L. Weber', '16881205 7969', 'Male', '16161616-0808-0909', 'AB-', 'India', 'Uttar Pradesh', 'Meerut', '611-541 Augue Avenue', 27682, '2021-01-13 11:23:48'),
(196, 'Portia L. Wong', '16990617 2268', 'Male', '07070707-0404-2525', 'AB-', 'India', 'Uttar Pradesh', 'Meerut', 'Ap #119-4000 Consectetuer St.', 454767, '2021-01-13 11:23:48'),
(197, 'Ocean C. Ratliff', '16250326 5171', 'Male', '98989898-1111-0707', 'AB-', 'India', 'Uttar Pradesh', 'Meerut', 'P.O. Box 191, 3075 Pretium Street', 96117, '2021-01-13 11:23:48'),
(198, 'Ginger H. Lester', '16010505 1908', 'Male', '13131313-1111-0303', 'AB-', 'India', 'Uttar Pradesh', 'Meerut', '6166 Urna. Road', 212332, '2021-01-13 11:23:48'),
(199, 'Jasmine Z. Meyers', '16670423 4969', 'Male', '96969696-0303-3030', 'AB-', 'India', 'Uttar Pradesh', 'Meerut', '8115 Enim Rd.', 9903, '2021-01-13 11:23:48'),
(200, 'Madeson L. Sheppard', '16460611 9917', 'Male', '18181818-1111-0404', 'AB-', 'India', 'Uttar Pradesh', 'Meerut', '207-250 Mauris Av.', 69452, '2021-01-13 11:23:48'),
(201, 'Quemby Y. Hodges', '16460816 2386', 'Male', '18181818-1212-3131', 'AB-', 'India', 'Uttar Pradesh', 'Meerut', '6986 Magna. Avenue', 455410, '2021-01-13 11:23:48'),
(202, 'Aretha I. Lucas', '16180309 5023', 'Male', '09090909-0101-2222', 'AB-', 'India', 'Uttar Pradesh', 'Meerut', '224-2625 Tempor Av.', 66088, '2021-01-13 11:23:48'),
(203, 'Ifeoma B. Peck', '16570721 2055', 'Male', '12121212-1111-2727', 'AB-', 'India', 'Uttar Pradesh', 'Meerut', 'P.O. Box 229, 3865 Dis Rd.', 64453, '2021-01-13 11:23:48'),
(204, 'Berk D. Wall', '16540410 2203', 'Female', '06060606-0505-2323', 'AB-', 'India', 'Uttar Pradesh', 'Meerut', 'P.O. Box 107, 216 At Rd.', 2329, '2021-01-13 11:24:31'),
(205, 'Shoshana A. Stanley', '16820627 0996', 'Female', '19191919-0909-1818', 'AB-', 'India', 'Uttar Pradesh', 'Meerut', '433-6554 Quam, Road', 18493, '2021-01-13 11:24:31'),
(206, 'Driscoll J. Chapman', '16730524 8796', 'Female', '01010101-0808-1010', 'AB-', 'India', 'Uttar Pradesh', 'Meerut', 'P.O. Box 694, 6629 Egestas Av.', 7855, '2021-01-13 11:24:31'),
(207, 'Timothy U. Mason', '16600916 3939', 'Female', '15151515-0303-2828', 'AB-', 'India', 'Uttar Pradesh', 'Meerut', '308-1768 Lorem, Rd.', 268401, '2021-01-13 11:24:31'),
(208, 'Shoshana U. Lara', '16110329 4391', 'Female', '92929292-1212-2525', 'AB-', 'India', 'Uttar Pradesh', 'Meerut', '1067 Urna Ave', 80546, '2021-01-13 11:24:31'),
(209, 'Gavin T. Sandoval', '16531203 9901', 'Female', '90909090-0505-2121', 'AB-', 'India', 'Uttar Pradesh', 'Meerut', '411-3432 Pede, Road', 87863, '2021-01-13 11:24:31'),
(210, 'Aristotle B. Allen', '16151107 5267', 'Male', '08080808-0808-1414', 'O+', 'India', 'Uttar Pradesh', 'Meerut', '465-5634 Pede. Rd.', 9958, '2021-01-13 11:24:31'),
(211, 'Charlotte H. Adkins', '16080201 0553', 'Male', '18181818-0707-2727', 'O+', 'India', 'Uttar Pradesh', 'Meerut', '4398 Odio Ave', 7483, '2021-01-13 11:24:31'),
(212, 'Sierra E. Fuller', '16251108 7203', 'Male', '17171717-1111-2222', 'O+', 'India', 'Uttar Pradesh', 'Meerut', '2445 Aliquam Avenue', 0, '2021-01-13 11:24:31'),
(213, 'Hector V. Black', '16291003 9920', 'Male', '20202020-0909-2727', 'O+', 'India', 'Uttar Pradesh', 'Meerut', 'Ap #471-8211 Quis Av.', 322022, '2021-01-13 11:24:31'),
(214, 'Jescie C. Reilly', '16380425 8675', 'Male', '07070707-0303-1111', 'O+', 'India', 'Uttar Pradesh', 'Meerut', 'Ap #823-2351 Dolor, Rd.', 80619, '2021-01-13 11:24:31'),
(215, 'Myra H. French', '16091124 7898', 'Male', '10101010-0909-0101', 'O+', 'India', 'Uttar Pradesh', 'Meerut', 'P.O. Box 545, 5206 Eget Av.', 2451, '2021-01-13 11:24:31'),
(216, 'Finn N. Tanner', '16720530 7080', 'Male', '06060606-1111-2525', 'O+', 'India', 'Uttar Pradesh', 'Meerut', '108-9611 Ipsum. Ave', 5921, '2021-01-13 11:24:31'),
(217, 'Yael B. Ratliff', '16830704 4522', 'Male', '06060606-0606-1212', 'O+', 'India', 'Uttar Pradesh', 'Meerut', '2007 Mollis Rd.', 51015, '2021-01-13 11:24:31'),
(218, 'Madeline E. Guthrie', '16991117 8474', 'Male', '03030303-0101-2424', 'O+', 'India', 'Uttar Pradesh', 'Meerut', '837-9610 Dis Av.', 1280, '2021-01-13 11:24:31'),
(219, 'Aristotle E. Mcfarland', '16210101 4856', 'Male', '04040404-0303-1717', 'O+', 'India', 'Uttar Pradesh', 'Meerut', '198-6910 Sagittis Ave', 68245, '2021-01-13 11:24:31'),
(220, 'Tarik J. Rowland', '16250409 5361', 'Female', '04040404-0404-1111', 'O+', 'India', 'Uttar Pradesh', 'Meerut', '762 Blandit Street', 2907, '2021-01-13 11:24:31'),
(221, 'Malachi B. Hubbard', '16011128 1895', 'Female', '10101010-0202-2626', 'O+', 'India', 'Uttar Pradesh', 'Meerut', '159-8862 Ut Rd.', 902330, '2021-01-13 11:24:31'),
(222, 'Dora J. Justice', '16881022 7804', 'Female', '10101010-0404-1818', 'O+', 'India', 'Uttar Pradesh', 'Meerut', '5019 Conubia Rd.', 79, '2021-01-13 11:24:31'),
(223, 'Graiden H. Conrad', '16200524 1274', 'Female', '10101010-0606-1515', 'O+', 'India', 'Uttar Pradesh', 'Meerut', '216-5164 Sed Ave', 9127, '2021-01-13 11:24:31'),
(224, 'Leroy H. Ingram', '16320716 7515', 'Female', '10101010-1010-0303', 'O+', 'India', 'Uttar Pradesh', 'Meerut', '2879 Massa Av.', 31501, '2021-01-13 11:24:31'),
(225, 'Colt X. Yang', '16270819 9522', 'Male', '96969696-0404-2121', 'O-', 'India', 'Uttar Pradesh', 'Meerut', '5487 Suspendisse Av.', 50103, '2021-01-13 11:24:31'),
(226, 'Kylee Y. Fitzpatrick', '16070413 8718', 'Male', '96969696-0707-1717', 'O-', 'India', 'Uttar Pradesh', 'Meerut', '592-420 Nisi Road', 5887, '2021-01-13 11:24:31'),
(227, 'Sloane P. Knight', '16510803 4934', 'Male', '17171717-0303-1717', 'O-', 'India', 'Uttar Pradesh', 'Meerut', '6395 Lacus St.', 0, '2021-01-13 11:24:31'),
(228, 'Jermaine W. Meadows', '16851210 8351', 'Male', '12121212-0101-1515', 'O-', 'India', 'Uttar Pradesh', 'Meerut', '3323 Conubia Ave', 9618, '2021-01-13 11:24:31'),
(229, 'Lee R. Clark', '16590411 2116', 'Male', '09090909-0909-2525', 'O-', 'India', 'Uttar Pradesh', 'Meerut', '399-4986 Cras Av.', 42622, '2021-01-13 11:24:31'),
(230, 'Harriet A. Bass', '16441115 5833', 'Male', '92929292-0101-2828', 'O-', 'India', 'Uttar Pradesh', 'Meerut', '728-4394 Morbi St.', 57175, '2021-01-13 11:24:31'),
(231, 'Violet X. Moss', '16090716 7118', 'Male', '06060606-0808-0808', 'O-', 'India', 'Uttar Pradesh', 'Meerut', '6093 Eu Ave', 28196, '2021-01-13 11:24:31'),
(232, 'Garth S. Booth', '16530315 5716', 'Male', '11111111-0202-2828', 'O-', 'India', 'Uttar Pradesh', 'Meerut', 'Ap #166-5503 Mauris Ave', 19905, '2021-01-13 11:24:31'),
(233, 'Xandra Q. Sears', '16471224 9913', 'Male', '06060606-0101-2121', 'O-', 'India', 'Uttar Pradesh', 'Meerut', '5175 Ut St.', 0, '2021-01-13 11:24:31'),
(234, 'Myles X. Gallagher', '16571019 8010', 'Male', '11111111-0808-0505', 'O-', 'India', 'Uttar Pradesh', 'Meerut', 'Ap #751-4532 Sagittis. Road', 41223, '2021-01-13 11:24:31'),
(235, 'Halee M. Perry', '16601117 6952', 'Male', '98989898-1111-1212', 'O-', 'India', 'Uttar Pradesh', 'Meerut', '241-1959 Libero Rd.', 95030, '2021-01-13 11:24:31'),
(236, 'Sonya O. Roach', '16121016 6565', 'Male', '10101010-0909-1414', 'O-', 'India', 'Uttar Pradesh', 'Meerut', 'P.O. Box 756, 2375 Urna St.', 6660, '2021-01-13 11:24:31'),
(237, 'Lucy I. Kidd', '16220407 8832', 'Female', '92929292-1212-0505', 'O-', 'India', 'Uttar Pradesh', 'Meerut', 'Ap #911-8969 Imperdiet Road', 6112, '2021-01-13 11:24:31'),
(238, 'Sophia O. Rutledge', '16560705 8301', 'Female', '96969696-1212-3030', 'O-', 'India', 'Uttar Pradesh', 'Meerut', 'P.O. Box 425, 248 Lobortis Rd.', 1027, '2021-01-13 11:24:31'),
(239, 'Basil V. Koch', '16040904 9913', 'Female', '92929292-0101-3030', 'O-', 'India', 'Uttar Pradesh', 'Meerut', '831-891 Sapien. St.', 53887, '2021-01-13 11:24:31'),
(240, 'Halee I. Walter', '16530204 9423', 'Male', '15151515-1010-1515', 'A+', 'India', 'Uttar Pradesh', 'Muzaffarnagar', 'P.O. Box 146, 8886 Amet, Av.', 8289, '2021-01-13 11:24:31'),
(241, 'Coby N. Mccoy', '16500204 6851', 'Male', '15151515-0202-2020', 'A+', 'India', 'Uttar Pradesh', 'Muzaffarnagar', '1160 Consectetuer St.', 34, '2021-01-13 11:24:31'),
(242, 'Alexis R. Dejesus', '16170421 7569', 'Male', '10101010-0808-2424', 'A+', 'India', 'Uttar Pradesh', 'Muzaffarnagar', 'Ap #356-4284 At Avenue', 5700, '2021-01-13 11:24:31'),
(243, 'Austin N. Walter', '16940305 5297', 'Male', '17171717-0404-1111', 'A+', 'India', 'Uttar Pradesh', 'Muzaffarnagar', '804-193 Maecenas Rd.', 84903, '2021-01-13 11:24:31'),
(244, 'Steven N. Nolan', '16530227 3874', 'Male', '20202020-0808-2929', 'A+', 'India', 'Uttar Pradesh', 'Muzaffarnagar', '693-1517 Sem, Ave', 69391, '2021-01-13 11:24:31'),
(245, 'April H. Atkins', '16100327 7066', 'Male', '12121212-0404-1313', 'A+', 'India', 'Uttar Pradesh', 'Muzaffarnagar', '1733 Egestas. Av.', 4030, '2021-01-13 11:24:31'),
(246, 'Fleur V. Merritt', '16530705 3313', 'Male', '93939393-1111-1717', 'A+', 'India', 'Uttar Pradesh', 'Muzaffarnagar', 'Ap #346-6768 Turpis. Road', 8639, '2021-01-13 11:24:31'),
(247, 'Yoko U. Sears', '16440717 7106', 'Male', '92929292-0202-1515', 'A+', 'India', 'Uttar Pradesh', 'Muzaffarnagar', 'P.O. Box 637, 2024 Ut Rd.', 54434, '2021-01-13 11:24:31'),
(248, 'Chanda N. Schultz', '16350408 2888', 'Male', '08080808-0505-2727', 'A+', 'India', 'Uttar Pradesh', 'Muzaffarnagar', 'Ap #907-8151 Tincidunt Av.', 19825, '2021-01-13 11:24:31'),
(249, 'Hedda G. Bradley', '16990901 7320', 'Male', '92929292-0707-2828', 'A+', 'India', 'Uttar Pradesh', 'Muzaffarnagar', '1306 Vitae, Road', 421775, '2021-01-13 11:24:31'),
(250, 'Amy T. Wilkerson', '16770619 1272', 'Female', '17171717-0707-0404', 'A+', 'India', 'Uttar Pradesh', 'Muzaffarnagar', 'P.O. Box 341, 9321 Vestibulum, Street', 47116, '2021-01-13 11:24:31'),
(251, 'Audra E. Mcdowell', '16250410 9360', 'Female', '06060606-0707-0909', 'A+', 'India', 'Uttar Pradesh', 'Muzaffarnagar', '9018 Augue Rd.', 1834, '2021-01-13 11:24:31'),
(252, 'Hannah L. Hurley', '16380819 8331', 'Female', '93939393-0606-3030', 'A+', 'India', 'Uttar Pradesh', 'Muzaffarnagar', 'Ap #112-5632 Magna, St.', 8205, '2021-01-13 11:24:31'),
(253, 'Dante L. Mendez', '16480406 1093', 'Female', '92929292-0101-2424', 'A+', 'India', 'Uttar Pradesh', 'Muzaffarnagar', 'P.O. Box 745, 4976 Mi Avenue', 439100, '2021-01-13 11:24:31'),
(254, 'Olympia H. Patton', '16710711 4618', 'Female', '97979797-0303-0505', 'A+', 'India', 'Uttar Pradesh', 'Muzaffarnagar', '670-5661 Volutpat. Rd.', 98, '2021-01-13 11:24:31'),
(255, 'Benedict E. Swanson', '16090401 7787', 'Male', '19191919-0101-2424', 'A-', 'India', 'Uttar Pradesh', 'Muzaffarnagar', '7750 Nonummy Road', 989, '2021-01-13 11:24:31'),
(256, 'Ima H. Sykes', '16720103 9752', 'Male', '02020202-0606-3030', 'A-', 'India', 'Uttar Pradesh', 'Muzaffarnagar', '7654 Dictum St.', 86986, '2021-01-13 11:24:31'),
(257, 'Lenore N. Matthews', '16010622 2060', 'Male', '16161616-0303-2020', 'A-', 'India', 'Uttar Pradesh', 'Muzaffarnagar', '292-4249 Mauris Ave', 5355, '2021-01-13 11:24:31'),
(258, 'Louis U. Sweeney', '16580420 6455', 'Male', '08080808-0909-2626', 'A-', 'India', 'Uttar Pradesh', 'Muzaffarnagar', 'P.O. Box 984, 6348 Felis Ave', 160641, '2021-01-13 11:24:31'),
(259, 'Juliet Y. Kim', '16200924 3482', 'Male', '03030303-0505-1414', 'A-', 'India', 'Uttar Pradesh', 'Muzaffarnagar', '4665 Tellus Rd.', 12600, '2021-01-13 11:24:31'),
(260, 'Pascale B. Wood', '16331029 1194', 'Male', '03030303-1212-1414', 'A-', 'India', 'Uttar Pradesh', 'Muzaffarnagar', '6572 Risus. Ave', 9392, '2021-01-13 11:24:31'),
(261, 'Adria L. Bridges', '16270502 3600', 'Male', '92929292-0505-1111', 'A-', 'India', 'Uttar Pradesh', 'Muzaffarnagar', 'P.O. Box 781, 3493 Dolor. Avenue', 54, '2021-01-13 11:24:31'),
(262, 'Willa A. Barker', '16470318 0077', 'Male', '02020202-0202-1212', 'A-', 'India', 'Uttar Pradesh', 'Muzaffarnagar', 'P.O. Box 218, 1536 Nunc Rd.', 0, '2021-01-13 11:24:31'),
(263, 'Anastasia E. Mcgowan', '16370116 5858', 'Male', '17171717-0303-1313', 'A-', 'India', 'Uttar Pradesh', 'Muzaffarnagar', '942-6413 Nascetur Rd.', 10366, '2021-01-13 11:24:31'),
(264, 'Alma H. Mason', '16931218 2356', 'Female', '16161616-0101-0404', 'A-', 'India', 'Uttar Pradesh', 'Muzaffarnagar', 'P.O. Box 208, 459 Dolor. Ave', 63731, '2021-01-13 11:24:31'),
(265, 'Kenyon L. Berry', '16830909 8617', 'Female', '02020202-0707-2424', 'A-', 'India', 'Uttar Pradesh', 'Muzaffarnagar', 'P.O. Box 337, 7433 Dignissim. Rd.', 726988, '2021-01-13 11:24:31'),
(266, 'Chantale V. Baird', '16640315 3254', 'Female', '97979797-0505-3131', 'A-', 'India', 'Uttar Pradesh', 'Muzaffarnagar', 'Ap #668-5770 Libero Rd.', 701876, '2021-01-13 11:24:31'),
(267, 'Halee O. Kennedy', '16180715 3547', 'Female', '18181818-0101-2424', 'A-', 'India', 'Uttar Pradesh', 'Muzaffarnagar', '6525 Ligula. Av.', 40490, '2021-01-13 11:24:31'),
(268, 'Adria B. Steele', '16580330 0762', 'Female', '14141414-0101-0909', 'A-', 'India', 'Uttar Pradesh', 'Muzaffarnagar', 'P.O. Box 637, 6926 In Avenue', 45083, '2021-01-13 11:24:31'),
(269, 'Dakota U. Clements', '16330701 0599', 'Female', '99999999-0707-0505', 'A-', 'India', 'Uttar Pradesh', 'Muzaffarnagar', '8637 Facilisis St.', 17233, '2021-01-13 11:24:31'),
(270, 'Wendy W. Foley', '16910106 7925', 'Male', '02020202-0606-0606', 'B+', 'India', 'Uttar Pradesh', 'Muzaffarnagar', 'Ap #917-2850 Et, Rd.', 415564, '2021-01-13 11:24:31'),
(271, 'Hadassah I. Huber', '16621118 8963', 'Male', '96969696-1010-1010', 'B+', 'India', 'Uttar Pradesh', 'Muzaffarnagar', '857 At, Road', 9127, '2021-01-13 11:24:31'),
(272, 'Camilla K. Yang', '16350228 7356', 'Male', '04040404-0404-2626', 'B+', 'India', 'Uttar Pradesh', 'Muzaffarnagar', 'Ap #293-1214 Dolor Street', 0, '2021-01-13 11:24:31'),
(273, 'Veda D. Jimenez', '16300223 6564', 'Male', '09090909-0606-1717', 'B+', 'India', 'Uttar Pradesh', 'Muzaffarnagar', '746-4304 Nisl. Street', 68981, '2021-01-13 11:24:31'),
(274, 'Jenna K. Flynn', '16310706 0786', 'Male', '92929292-0404-2929', 'B+', 'India', 'Uttar Pradesh', 'Muzaffarnagar', '466-7662 Ac Street', 66288, '2021-01-13 11:24:31'),
(275, 'Lila R. Kinney', '16870126 5095', 'Male', '05050505-1212-0606', 'B+', 'India', 'Uttar Pradesh', 'Muzaffarnagar', 'P.O. Box 582, 5197 Sodales Road', 0, '2021-01-13 11:24:31'),
(276, 'Kai Y. Harvey', '16720212 4793', 'Male', '06060606-0505-0303', 'B+', 'India', 'Uttar Pradesh', 'Muzaffarnagar', 'Ap #697-5677 Nec, St.', 43615, '2021-01-13 11:24:31'),
(277, 'Hilda U. Garner', '16640922 3507', 'Male', '03030303-0404-0707', 'B+', 'India', 'Uttar Pradesh', 'Muzaffarnagar', '3866 Sollicitudin Av.', 34955, '2021-01-13 11:24:31'),
(278, 'Hanna Y. Benton', '16470319 6768', 'Male', '09090909-0505-0202', 'B+', 'India', 'Uttar Pradesh', 'Muzaffarnagar', '3444 Id, Street', 67, '2021-01-13 11:24:31'),
(279, 'Harding E. Harper', '16461001 0003', 'Male', '17171717-0707-1414', 'B+', 'India', 'Uttar Pradesh', 'Muzaffarnagar', 'P.O. Box 422, 2118 Vel Street', 0, '2021-01-13 11:24:31'),
(280, 'Phelan N. Grimes', '16010312 1992', 'Female', '01010101-0808-0202', 'B+', 'India', 'Uttar Pradesh', 'Muzaffarnagar', 'P.O. Box 183, 6898 Aenean Road', 320214, '2021-01-13 11:24:31'),
(281, 'Susan G. Rodgers', '16150906 1485', 'Female', '94949494-0101-2121', 'B+', 'India', 'Uttar Pradesh', 'Muzaffarnagar', '8357 Vivamus Avenue', 8882, '2021-01-13 11:24:31'),
(282, 'Kibo K. Hogan', '16370523 3108', 'Female', '97979797-1212-0606', 'B+', 'India', 'Uttar Pradesh', 'Muzaffarnagar', 'Ap #488-6164 Proin Road', 33723, '2021-01-13 11:24:31'),
(283, 'Kaye G. Rowland', '16450524 9807', 'Female', '03030303-0303-1313', 'B+', 'India', 'Uttar Pradesh', 'Muzaffarnagar', 'Ap #765-7304 Mauris Avenue', 418399, '2021-01-13 11:24:31'),
(284, 'Bethany W. Benjamin', '16871029 8376', 'Female', '04040404-0505-3131', 'B+', 'India', 'Uttar Pradesh', 'Muzaffarnagar', '539-1083 Semper St.', 48621, '2021-01-13 11:24:31'),
(285, 'Darius E. Lee', '16460617 0985', 'Male', '08080808-0606-2828', 'B-', 'India', 'Uttar Pradesh', 'Muzaffarnagar', 'P.O. Box 286, 4203 Non, Street', 63664, '2021-01-13 11:24:31'),
(286, 'Meredith H. Barr', '16610916 4936', 'Male', '17171717-1111-3030', 'B-', 'India', 'Uttar Pradesh', 'Muzaffarnagar', 'Ap #784-6961 Venenatis Rd.', 5722, '2021-01-13 11:24:31'),
(287, 'Hector Y. Burnett', '16731118 4910', 'Male', '14141414-1111-1111', 'B-', 'India', 'Uttar Pradesh', 'Muzaffarnagar', 'Ap #727-2198 Ipsum. Rd.', 330724, '2021-01-13 11:24:31'),
(288, 'Hillary L. Gentry', '16850909 8508', 'Male', '97979797-0808-2929', 'B-', 'India', 'Uttar Pradesh', 'Muzaffarnagar', '718-4418 Ullamcorper. Rd.', 52236, '2021-01-13 11:24:31'),
(289, 'Kennedy R. Ashley', '16230730 0661', 'Male', '09090909-1212-1010', 'B-', 'India', 'Uttar Pradesh', 'Muzaffarnagar', 'P.O. Box 911, 3951 Pharetra Road', 87518, '2021-01-13 11:24:31'),
(290, 'Channing R. Byers', '16860703 9784', 'Male', '18181818-0909-2626', 'B-', 'India', 'Uttar Pradesh', 'Muzaffarnagar', '1408 Amet St.', 340650, '2021-01-13 11:24:31');
INSERT INTO `emergency_donar` (`em_id`, `name`, `mobile`, `gender`, `dob`, `bloodgroup`, `country`, `state`, `city`, `address`, `pincode`, `register_date`) VALUES
(291, 'Kermit S. Cardenas', '16961106 0162', 'Male', '08080808-1111-2222', 'B-', 'India', 'Uttar Pradesh', 'Muzaffarnagar', '1436 Quam Avenue', 24708, '2021-01-13 11:24:31'),
(292, 'Thaddeus A. Macdonald', '16891109 8294', 'Male', '93939393-0707-1010', 'B-', 'India', 'Uttar Pradesh', 'Muzaffarnagar', 'P.O. Box 360, 5622 Mauris. Ave', 800938, '2021-01-13 11:24:31'),
(293, 'Stone N. Galloway', '16480511 3851', 'Male', '90909090-0808-0707', 'B-', 'India', 'Uttar Pradesh', 'Muzaffarnagar', 'Ap #189-1787 Nullam Av.', 0, '2021-01-13 11:24:31'),
(294, 'Brent U. Peterson', '16200319 1604', 'Male', '90909090-0303-0808', 'B-', 'India', 'Uttar Pradesh', 'Muzaffarnagar', '249-6504 Mauris Av.', 113039, '2021-01-13 11:24:31'),
(295, 'Lynn F. Burch', '16190928 7979', 'Female', '15151515-0909-1616', 'B-', 'India', 'Uttar Pradesh', 'Muzaffarnagar', '584-8355 Donec Av.', 22514, '2021-01-13 11:24:31'),
(296, 'Logan S. Knight', '16310314 7330', 'Female', '01010101-0505-2121', 'B-', 'India', 'Uttar Pradesh', 'Muzaffarnagar', 'P.O. Box 931, 1687 Nulla Avenue', 78, '2021-01-13 11:24:31'),
(297, 'Kuame L. Solomon', '16720727 2589', 'Female', '07070707-0808-2323', 'B-', 'India', 'Uttar Pradesh', 'Muzaffarnagar', 'Ap #350-4750 Amet, Av.', 3032, '2021-01-13 11:24:31'),
(298, 'Calista I. Mitchell', '16600203 2743', 'Female', '94949494-1212-0707', 'B-', 'India', 'Uttar Pradesh', 'Muzaffarnagar', 'P.O. Box 245, 4845 In Road', 447706, '2021-01-13 11:24:31'),
(299, 'Kadeem S. Hart', '16710618 1576', 'Female', '09090909-1010-2424', 'B-', 'India', 'Uttar Pradesh', 'Muzaffarnagar', 'P.O. Box 871, 8313 Non, St.', 203014, '2021-01-13 11:24:31'),
(300, 'Renee C. Cruz', '16480907 1584', 'Male', '04040404-0808-0808', 'AB+', 'India', 'Uttar Pradesh', 'Muzaffarnagar', '6996 Risus. Ave', 2338, '2021-01-13 11:24:31'),
(301, 'William S. Carlson', '16511117 8025', 'Male', '08080808-1111-1212', 'AB+', 'India', 'Uttar Pradesh', 'Muzaffarnagar', 'P.O. Box 760, 5239 Praesent Rd.', 2551, '2021-01-13 11:24:31'),
(302, 'Stone V. Mcmahon', '16251004 6317', 'Male', '07070707-1010-1212', 'AB+', 'India', 'Uttar Pradesh', 'Muzaffarnagar', 'P.O. Box 427, 5832 Vulputate St.', 2377, '2021-01-13 11:24:31'),
(303, 'Karyn N. Clayton', '16530215 8398', 'Male', '01010101-0202-2323', 'AB+', 'India', 'Uttar Pradesh', 'Muzaffarnagar', 'P.O. Box 303, 7405 Cras Street', 0, '2021-01-13 11:24:31'),
(304, 'Amelia D. James', '16200916 7095', 'Male', '10101010-0505-1414', 'AB+', 'India', 'Uttar Pradesh', 'Muzaffarnagar', 'Ap #265-6659 Nunc. Avenue', 8431, '2021-01-13 11:26:55'),
(305, 'Kasimir N. Atkinson', '16081123 6298', 'Male', '10101010-1212-2323', 'AB+', 'India', 'Uttar Pradesh', 'Muzaffarnagar', '4068 Dui Rd.', 5, '2021-01-13 11:26:55'),
(306, 'Melanie B. Schmidt', '16870402 2428', 'Male', '92929292-0202-1010', 'AB+', 'India', 'Uttar Pradesh', 'Muzaffarnagar', 'P.O. Box 644, 5818 Nascetur St.', 74053, '2021-01-13 11:26:55'),
(307, 'Laith A. Petty', '16380717 8789', 'Male', '91919191-0808-1212', 'AB+', 'India', 'Uttar Pradesh', 'Muzaffarnagar', '4045 Duis St.', 499104, '2021-01-13 11:26:55'),
(308, 'Allen N. Mueller', '16851111 8807', 'Male', '20202020-0808-0606', 'AB+', 'India', 'Uttar Pradesh', 'Muzaffarnagar', '2102 Pharetra St.', 0, '2021-01-13 11:26:55'),
(309, 'Sonya H. Collier', '16960220 4258', 'Male', '06060606-1010-1818', 'AB+', 'India', 'Uttar Pradesh', 'Muzaffarnagar', 'Ap #523-2010 Cursus. St.', 15369, '2021-01-13 11:26:55'),
(310, 'Barrett W. Walton', '16790913 3287', 'Female', '16161616-0606-2020', 'AB+', 'India', 'Uttar Pradesh', 'Muzaffarnagar', '799-7525 Nisi Avenue', 84962, '2021-01-13 11:26:55'),
(311, 'Madaline H. Fischer', '16751013 9889', 'Female', '05050505-0303-1919', 'AB+', 'India', 'Uttar Pradesh', 'Muzaffarnagar', 'Ap #184-2696 Nullam St.', 657678, '2021-01-13 11:26:55'),
(312, 'Camden Y. Bowman', '16760609 1515', 'Female', '08080808-0404-0404', 'AB+', 'India', 'Uttar Pradesh', 'Muzaffarnagar', '9254 Quisque St.', 30178, '2021-01-13 11:26:55'),
(313, 'Bryar M. Holden', '16660602 8220', 'Female', '02020202-1010-0606', 'AB+', 'India', 'Uttar Pradesh', 'Muzaffarnagar', 'P.O. Box 812, 706 Vitae Rd.', 16060, '2021-01-13 11:26:55'),
(314, 'Len P. Koch', '16660115 9764', 'Female', '20202020-0202-1212', 'AB+', 'India', 'Uttar Pradesh', 'Muzaffarnagar', 'P.O. Box 972, 333 Nec Av.', 86, '2021-01-13 11:26:55'),
(315, 'Murphy K. Becker', '16690223 9216', 'Male', '97979797-0505-1111', 'AB-', 'India', 'Uttar Pradesh', 'Muzaffarnagar', 'P.O. Box 200, 837 Et, Rd.', 14134, '2021-01-13 11:26:55'),
(316, 'Tate X. Cabrera', '16860410 7972', 'Male', '18181818-0202-0303', 'AB-', 'India', 'Uttar Pradesh', 'Muzaffarnagar', 'Ap #383-3139 Ullamcorper Ave', 56899, '2021-01-13 11:26:55'),
(317, 'Avram V. Whitley', '16840230 3955', 'Male', '97979797-0909-1414', 'AB-', 'India', 'Uttar Pradesh', 'Muzaffarnagar', '5590 Feugiat Rd.', 49213, '2021-01-13 11:26:55'),
(318, 'Scott R. Watkins', '16370920 4535', 'Male', '91919191-1212-1515', 'AB-', 'India', 'Uttar Pradesh', 'Muzaffarnagar', 'Ap #252-1328 Sed Avenue', 0, '2021-01-13 11:26:55'),
(319, 'Gil R. Alvarez', '16600520 1741', 'Male', '00000000-0404-2020', 'AB-', 'India', 'Uttar Pradesh', 'Muzaffarnagar', 'Ap #591-7775 Vitae Ave', 5453, '2021-01-13 11:26:55'),
(320, 'Tyler V. Dale', '16610313 2954', 'Male', '06060606-0202-0707', 'AB-', 'India', 'Uttar Pradesh', 'Muzaffarnagar', '7740 Vel, Avenue', 10133, '2021-01-13 11:26:55'),
(321, 'Violet D. Benjamin', '16941107 7382', 'Male', '95959595-0101-1414', 'AB-', 'India', 'Uttar Pradesh', 'Muzaffarnagar', '862-2445 Fusce Street', 32882, '2021-01-13 11:26:55'),
(322, 'Jillian G. Spears', '16700424 2702', 'Male', '13131313-0707-2626', 'AB-', 'India', 'Uttar Pradesh', 'Muzaffarnagar', '2434 Rutrum Av.', 5025, '2021-01-13 11:26:55'),
(323, 'Patrick L. Fulton', '16910612 8730', 'Male', '02020202-0101-1919', 'AB-', 'India', 'Uttar Pradesh', 'Muzaffarnagar', '161-2893 Quis, St.', 0, '2021-01-13 11:26:55'),
(324, 'Christine H. Mcleod', '16870124 9024', 'Male', '10101010-0202-1414', 'AB-', 'India', 'Uttar Pradesh', 'Muzaffarnagar', '1833 Consequat Rd.', 20369, '2021-01-13 11:26:55'),
(325, 'Autumn G. Tyson', '16520406 4157', 'Female', '99999999-0606-2727', 'AB-', 'India', 'Uttar Pradesh', 'Muzaffarnagar', 'Ap #768-3335 Convallis, Rd.', 117205, '2021-01-13 11:26:55'),
(326, 'Delilah Q. Cobb', '16191208 9628', 'Female', '02020202-0101-0909', 'AB-', 'India', 'Uttar Pradesh', 'Muzaffarnagar', '862-3640 Curabitur Street', 43352, '2021-01-13 11:26:55'),
(327, 'Ferris D. Maxwell', '16721025 4509', 'Female', '01010101-0404-1313', 'AB-', 'India', 'Uttar Pradesh', 'Muzaffarnagar', '355-3600 A, Street', 3546, '2021-01-13 11:26:55'),
(328, 'Jasmine H. Cooper', '16980908 9072', 'Female', '16161616-1212-0505', 'AB-', 'India', 'Uttar Pradesh', 'Muzaffarnagar', '5163 Non Rd.', 55625, '2021-01-13 11:26:55'),
(329, 'Zachary W. Kane', '16051123 7836', 'Female', '02020202-0909-0303', 'AB-', 'India', 'Uttar Pradesh', 'Muzaffarnagar', '4259 Quam Ave', 205547, '2021-01-13 11:26:55'),
(330, 'Hedy J. Cotton', '16670915 3685', 'Male', '19191919-0909-1111', 'O+', 'India', 'Uttar Pradesh', 'Muzaffarnagar', 'P.O. Box 702, 5841 Diam Rd.', 1060, '2021-01-13 11:26:55'),
(331, 'Jorden K. Weber', '16030407 5120', 'Male', '19191919-0202-2525', 'O+', 'India', 'Uttar Pradesh', 'Muzaffarnagar', '126-344 Donec St.', 0, '2021-01-13 11:26:55'),
(332, 'Akeem F. Oneal', '16390719 7036', 'Male', '08080808-0606-1010', 'O+', 'India', 'Uttar Pradesh', 'Muzaffarnagar', 'Ap #834-5686 Mauris Av.', 491863, '2021-01-13 11:26:55'),
(333, 'Cade D. Walters', '16870429 1437', 'Male', '00000000-0202-1111', 'O+', 'India', 'Uttar Pradesh', 'Muzaffarnagar', '310-8292 Sed Ave', 97272, '2021-01-13 11:26:55'),
(334, 'Zenaida I. Moody', '16000107 6165', 'Male', '08080808-0808-2727', 'O+', 'India', 'Uttar Pradesh', 'Muzaffarnagar', 'P.O. Box 318, 9223 In, St.', 0, '2021-01-13 11:26:55'),
(335, 'Kenyon E. Rodriguez', '16890603 7018', 'Male', '09090909-0303-0404', 'O+', 'India', 'Uttar Pradesh', 'Muzaffarnagar', 'P.O. Box 912, 1576 Ligula. Rd.', 8306, '2021-01-13 11:26:55'),
(336, 'Ishmael X. Avery', '16020702 1452', 'Male', '98989898-0808-3030', 'O+', 'India', 'Uttar Pradesh', 'Muzaffarnagar', 'P.O. Box 186, 7424 Euismod St.', 0, '2021-01-13 11:26:55'),
(337, 'Arsenio V. Fox', '16560424 5281', 'Male', '03030303-0404-1717', 'O+', 'India', 'Uttar Pradesh', 'Muzaffarnagar', 'P.O. Box 884, 9016 Mus. Rd.', 155352, '2021-01-13 11:26:55'),
(338, 'Chancellor M. Holman', '16660403 3065', 'Male', '00000000-0404-1414', 'O+', 'India', 'Uttar Pradesh', 'Muzaffarnagar', 'P.O. Box 593, 117 Vestibulum, St.', 7299, '2021-01-13 11:26:55'),
(339, 'Clark H. Conway', '16370806 7552', 'Male', '93939393-1212-1414', 'O+', 'India', 'Uttar Pradesh', 'Muzaffarnagar', 'P.O. Box 521, 4837 Eget Rd.', 8, '2021-01-13 11:26:55'),
(340, 'Forrest Q. Gomez', '16770404 4549', 'Female', '05050505-1010-2222', 'O+', 'India', 'Uttar Pradesh', 'Muzaffarnagar', 'Ap #889-4300 Risus. Road', 83929, '2021-01-13 11:26:55'),
(341, 'Cally G. Chan', '16201221 9370', 'Female', '97979797-0505-1515', 'O+', 'India', 'Uttar Pradesh', 'Muzaffarnagar', '699-4906 Cursus. Avenue', 9249, '2021-01-13 11:26:55'),
(342, 'Rigel L. Avila', '16530728 9693', 'Female', '98989898-0909-1616', 'O+', 'India', 'Uttar Pradesh', 'Muzaffarnagar', 'Ap #773-6252 Eu Av.', 50946, '2021-01-13 11:26:55'),
(343, 'Samson J. Barnett', '16490614 1769', 'Female', '00000000-0202-0404', 'O+', 'India', 'Uttar Pradesh', 'Muzaffarnagar', 'P.O. Box 283, 1781 Malesuada Street', 851906, '2021-01-13 11:26:55'),
(344, 'Bell P. Ortega', '16321027 6451', 'Female', '11111111-0707-3131', 'O+', 'India', 'Uttar Pradesh', 'Muzaffarnagar', 'P.O. Box 402, 459 Pede Road', 60205, '2021-01-13 11:26:55'),
(345, 'Darryl R. Hayes', '16510706 9279', 'Male', '14141414-0808-1515', 'O-', 'India', 'Uttar Pradesh', 'Muzaffarnagar', '8553 Lectus Rd.', 307247, '2021-01-13 11:26:55'),
(346, 'Tad U. Rodgers', '16820628 0458', 'Male', '15151515-1212-2424', 'O-', 'India', 'Uttar Pradesh', 'Muzaffarnagar', '3771 Id Rd.', 960562, '2021-01-13 11:26:55'),
(347, 'Clio A. Powell', '16140219 2353', 'Male', '08080808-0303-2323', 'O-', 'India', 'Uttar Pradesh', 'Muzaffarnagar', '551-9987 Nulla St.', 246042, '2021-01-13 11:26:55'),
(348, 'Adara S. Holt', '16631012 3333', 'Male', '12121212-0707-2222', 'O-', 'India', 'Uttar Pradesh', 'Muzaffarnagar', '473-9181 Quisque St.', 101506, '2021-01-13 11:26:55'),
(349, 'Vance M. Santiago', '16001125 3622', 'Male', '19191919-0404-3030', 'O-', 'India', 'Uttar Pradesh', 'Muzaffarnagar', 'Ap #696-1853 Justo. Rd.', 984929, '2021-01-13 11:26:55'),
(350, 'Flavia F. Lindsay', '16881014 9354', 'Male', '01010101-0808-0909', 'O-', 'India', 'Uttar Pradesh', 'Muzaffarnagar', '212-6663 Non Street', 890568, '2021-01-13 11:26:55'),
(351, 'Jenna N. Todd', '16540524 2396', 'Male', '97979797-1212-0505', 'O-', 'India', 'Uttar Pradesh', 'Muzaffarnagar', 'P.O. Box 496, 1434 Ut Av.', 77443, '2021-01-13 11:26:55'),
(352, 'Gray G. Hampton', '16560806 2393', 'Male', '10101010-0101-2929', 'O-', 'India', 'Uttar Pradesh', 'Muzaffarnagar', 'Ap #293-8480 Vestibulum Avenue', 0, '2021-01-13 11:26:55'),
(353, 'Stewart P. Barry', '16540808 7673', 'Male', '06060606-1010-2626', 'O-', 'India', 'Uttar Pradesh', 'Muzaffarnagar', 'Ap #424-6598 Nec, St.', 61409, '2021-01-13 11:26:55'),
(354, 'MacKenzie G. Moreno', '16191204 8509', 'Male', '17171717-0707-2828', 'O-', 'India', 'Uttar Pradesh', 'Muzaffarnagar', '452-6178 Elementum Ave', 8379, '2021-01-13 11:26:55'),
(355, 'Yvette V. Dunn', '16280818 2899', 'Female', '93939393-0808-0606', 'O-', 'India', 'Uttar Pradesh', 'Muzaffarnagar', '5297 Nibh Rd.', 0, '2021-01-13 11:26:55'),
(356, 'Damon K. Wiley', '16541127 7543', 'Female', '95959595-0303-2424', 'O-', 'India', 'Uttar Pradesh', 'Muzaffarnagar', '7194 Est, Rd.', 0, '2021-01-13 11:26:55'),
(357, 'Ross Q. Hernandez', '16030208 3118', 'Female', '10101010-0808-2020', 'O-', 'India', 'Uttar Pradesh', 'Muzaffarnagar', '1249 Luctus Rd.', 5701, '2021-01-13 11:26:55'),
(358, 'Tashya O. Skinner', '16920707 8503', 'Female', '05050505-0808-1313', 'O-', 'India', 'Uttar Pradesh', 'Muzaffarnagar', 'Ap #571-1038 Tempus Ave', 71, '2021-01-13 11:26:55'),
(359, 'Brennan C. Delaney', '16150811 9201', 'Female', '13131313-1111-2020', 'O-', 'India', 'Uttar Pradesh', 'Muzaffarnagar', '1086 Ligula. Street', 13243, '2021-01-13 11:26:55'),
(360, 'Lars V. Walker', '16790501 9191', 'Male', '11111111-0505-2929', 'A+', 'India', 'Uttar Pradesh', 'Saharanpur', '2220 Nec St.', 0, '2021-01-13 11:26:55'),
(361, 'Eden Q. Marquez', '16030919 6236', 'Male', '17171717-1111-1818', 'A+', 'India', 'Uttar Pradesh', 'Saharanpur', '617-4822 Dui, Rd.', 26355, '2021-01-13 11:26:55'),
(362, 'Halee E. Maynard', '16301222 1028', 'Male', '08080808-0505-2626', 'A+', 'India', 'Uttar Pradesh', 'Saharanpur', 'P.O. Box 850, 155 Magna, Av.', 242332, '2021-01-13 11:26:55'),
(363, 'Lane W. Holloway', '16170702 1190', 'Male', '96969696-1010-3030', 'A+', 'India', 'Uttar Pradesh', 'Saharanpur', 'Ap #773-2032 Nunc Street', 323240, '2021-01-13 11:26:55'),
(364, 'Yoko A. Vinson', '16320104 1443', 'Male', '10101010-1212-0404', 'A+', 'India', 'Uttar Pradesh', 'Saharanpur', '1140 Aliquet St.', 33, '2021-01-13 11:26:55'),
(365, 'Amena N. Mullen', '16810912 5552', 'Male', '03030303-0707-3030', 'A+', 'India', 'Uttar Pradesh', 'Saharanpur', 'Ap #670-3126 Auctor St.', 0, '2021-01-13 11:26:55'),
(366, 'Steel C. Jensen', '16860830 3676', 'Male', '18181818-1212-0101', 'A+', 'India', 'Uttar Pradesh', 'Saharanpur', '563-7057 Cursus. Av.', 6475, '2021-01-13 11:26:55'),
(367, 'Raya R. Sexton', '16271227 9252', 'Male', '04040404-0606-0101', 'A+', 'India', 'Uttar Pradesh', 'Saharanpur', '853-7013 Arcu Street', 31048, '2021-01-13 11:26:55'),
(368, 'Tate V. Powell', '16530718 6667', 'Male', '09090909-0303-3131', 'A+', 'India', 'Uttar Pradesh', 'Saharanpur', '9015 Morbi St.', 155248, '2021-01-13 11:26:55'),
(369, 'Wang D. Myers', '16760703 8366', 'Male', '02020202-1010-2525', 'A+', 'India', 'Uttar Pradesh', 'Saharanpur', '381-6075 Sodales. St.', 48676, '2021-01-13 11:26:55'),
(370, 'Jerry Q. Gonzalez', '16210101 0037', 'Female', '95959595-0505-2828', 'A+', 'India', 'Uttar Pradesh', 'Saharanpur', 'P.O. Box 571, 2864 Dignissim. Ave', 7197, '2021-01-13 11:26:55'),
(371, 'Susan Y. Rios', '16470202 3500', 'Female', '04040404-1111-0808', 'A+', 'India', 'Uttar Pradesh', 'Saharanpur', 'P.O. Box 676, 9189 Malesuada Av.', 45564, '2021-01-13 11:26:55'),
(372, 'Noble L. Compton', '16450723 9376', 'Female', '20202020-1212-2828', 'A+', 'India', 'Uttar Pradesh', 'Saharanpur', '430 Aliquet, Street', 0, '2021-01-13 11:26:55'),
(373, 'Rhonda J. Perez', '16550516 3740', 'Female', '95959595-0404-3030', 'A+', 'India', 'Uttar Pradesh', 'Saharanpur', 'Ap #364-1005 Non, Road', 3023, '2021-01-13 11:26:55'),
(374, 'Declan F. Hampton', '16050323 8016', 'Female', '97979797-0202-0303', 'A+', 'India', 'Uttar Pradesh', 'Saharanpur', '177-2323 Egestas St.', 578916, '2021-01-13 11:26:55'),
(375, 'Brenden W. Austin', '16090208 1660', 'Male', '12121212-0707-2121', 'A-', 'India', 'Uttar Pradesh', 'Saharanpur', '8513 Aliquam Avenue', 646454, '2021-01-13 11:26:55'),
(376, 'Wanda W. Gonzalez', '16281118 6945', 'Male', '16161616-0505-2323', 'A-', 'India', 'Uttar Pradesh', 'Saharanpur', 'P.O. Box 865, 8108 Donec St.', 5859, '2021-01-13 11:26:55'),
(377, 'Troy E. Moses', '16600922 6421', 'Male', '91919191-1010-0202', 'A-', 'India', 'Uttar Pradesh', 'Saharanpur', '273-6142 Ut Av.', 29578, '2021-01-13 11:26:55'),
(378, 'Dennis D. Knapp', '16860822 6869', 'Male', '05050505-0505-3030', 'A-', 'India', 'Uttar Pradesh', 'Saharanpur', 'Ap #758-5394 Libero Rd.', 5421, '2021-01-13 11:26:55'),
(379, 'Holmes C. Slater', '16880714 6488', 'Male', '20202020-0606-0606', 'A-', 'India', 'Uttar Pradesh', 'Saharanpur', '4966 Phasellus Avenue', 51922, '2021-01-13 11:26:55'),
(380, 'Nasim B. Baker', '16690915 0515', 'Male', '05050505-0505-2828', 'A-', 'India', 'Uttar Pradesh', 'Saharanpur', 'P.O. Box 186, 5080 Turpis. Avenue', 56299, '2021-01-13 11:26:55'),
(381, 'Baker W. Buchanan', '16071101 0702', 'Male', '00000000-0202-0101', 'A-', 'India', 'Uttar Pradesh', 'Saharanpur', '3265 Eu St.', 657718, '2021-01-13 11:26:55'),
(382, 'Shaine U. Fischer', '16491004 4421', 'Male', '94949494-0909-0101', 'A-', 'India', 'Uttar Pradesh', 'Saharanpur', 'P.O. Box 205, 1341 Curabitur St.', 31562, '2021-01-13 11:26:55'),
(383, 'David K. Chan', '16530127 6266', 'Male', '98989898-0707-1212', 'A-', 'India', 'Uttar Pradesh', 'Saharanpur', 'Ap #432-985 Venenatis Road', 762190, '2021-01-13 11:26:55'),
(384, 'Tate Y. Fleming', '16860505 1591', 'Male', '00000000-0808-2020', 'A-', 'India', 'Uttar Pradesh', 'Saharanpur', 'P.O. Box 706, 7477 At, Road', 54889, '2021-01-13 11:26:55'),
(385, 'Mary F. Bean', '16320928 6529', 'Male', '91919191-0202-1717', 'A-', 'India', 'Uttar Pradesh', 'Saharanpur', 'P.O. Box 637, 6443 Pede, Road', 8796, '2021-01-13 11:26:55'),
(386, 'Slade S. Hoover', '16790202 5001', 'Male', '90909090-0808-2828', 'A-', 'India', 'Uttar Pradesh', 'Saharanpur', 'Ap #847-4680 Primis Road', 98126, '2021-01-13 11:26:55'),
(387, 'Marah V. Johnston', '16530208 1012', 'Male', '18181818-0808-0808', 'A-', 'India', 'Uttar Pradesh', 'Saharanpur', '387-1200 Cum Road', 71229, '2021-01-13 11:26:55'),
(388, 'Adrienne F. Ward', '16240201 5016', 'Female', '09090909-0303-2828', 'A-', 'India', 'Uttar Pradesh', 'Saharanpur', '515-1796 Non, Avenue', 9565, '2021-01-13 11:26:55'),
(389, 'Imogene E. Mcfarland', '16720827 5789', 'Female', '07070707-0707-2525', 'A-', 'India', 'Uttar Pradesh', 'Saharanpur', 'Ap #185-722 Eu Street', 21734, '2021-01-13 11:26:55'),
(390, 'Sydnee V. Crane', '16240404 5508', 'Male', '01010101-0909-1616', 'B+', 'India', 'Uttar Pradesh', 'Saharanpur', 'Ap #327-6483 At Street', 28887, '2021-01-13 11:26:55'),
(391, 'Christopher Z. Daniels', '16231025 2131', 'Male', '98989898-1111-1818', 'B+', 'India', 'Uttar Pradesh', 'Saharanpur', '589 Semper St.', 774448, '2021-01-13 11:26:55'),
(392, 'Jenette I. Sexton', '16320114 5061', 'Male', '09090909-0101-2121', 'B+', 'India', 'Uttar Pradesh', 'Saharanpur', '841-6642 Nascetur Rd.', 8637, '2021-01-13 11:26:55'),
(393, 'Dawn F. Cox', '16760619 6249', 'Male', '94949494-0808-2929', 'B+', 'India', 'Uttar Pradesh', 'Saharanpur', '456-9354 Lorem St.', 0, '2021-01-13 11:26:55'),
(394, 'Rhonda M. Leonard', '16030520 3721', 'Male', '04040404-0101-0909', 'B+', 'India', 'Uttar Pradesh', 'Saharanpur', 'Ap #690-314 Nunc Rd.', 3663, '2021-01-13 11:26:55'),
(395, 'Axel O. Cruz', '16400128 6196', 'Male', '03030303-0606-0404', 'B+', 'India', 'Uttar Pradesh', 'Saharanpur', '331 Mauris Street', 98984, '2021-01-13 11:26:55'),
(396, 'Omar M. Peterson', '16030514 3166', 'Male', '09090909-0606-2626', 'B+', 'India', 'Uttar Pradesh', 'Saharanpur', 'Ap #282-594 Lobortis Rd.', 7562, '2021-01-13 11:26:55'),
(397, 'Omar N. Conway', '16920322 0752', 'Male', '15151515-0707-2323', 'B+', 'India', 'Uttar Pradesh', 'Saharanpur', 'P.O. Box 641, 317 Fringilla Avenue', 0, '2021-01-13 11:26:55'),
(398, 'Edan U. Gibbs', '16251030 7206', 'Male', '10101010-0404-1818', 'B+', 'India', 'Uttar Pradesh', 'Saharanpur', 'P.O. Box 289, 4565 Nibh. Avenue', 937442, '2021-01-13 11:26:55'),
(399, 'Alvin L. Santiago', '16170624 8968', 'Male', '93939393-0505-1010', 'B+', 'India', 'Uttar Pradesh', 'Saharanpur', '162-7250 Consectetuer Rd.', 39808, '2021-01-13 11:26:55'),
(400, 'Nicholas G. Orr', '16010229 9880', 'Female', '19191919-0101-0101', 'B+', 'India', 'Uttar Pradesh', 'Saharanpur', 'P.O. Box 392, 1912 Accumsan Road', 64776, '2021-01-13 11:26:55'),
(401, 'Baker Z. Greer', '16281214 7862', 'Female', '91919191-0808-1010', 'B+', 'India', 'Uttar Pradesh', 'Saharanpur', 'P.O. Box 319, 3368 Pellentesque, Road', 18568, '2021-01-13 11:26:55'),
(402, 'Debra U. Abbott', '16880307 0518', 'Female', '20202020-0707-1313', 'B+', 'India', 'Uttar Pradesh', 'Saharanpur', '813-3141 Fermentum Avenue', 3930, '2021-01-13 11:26:55'),
(403, 'Britanni X. Vazquez', '16670912 7010', 'Female', '00000000-1010-0808', 'B+', 'India', 'Uttar Pradesh', 'Saharanpur', 'Ap #459-575 Ante St.', 8220, '2021-01-13 11:26:55'),
(404, 'Aphrodite A. Bean', '16950615 3007', 'Female', '18181818-0101-1111', 'B+', 'India', 'Uttar Pradesh', 'Saharanpur', 'Ap #946-7940 Id Avenue', 3915, '2021-01-13 11:27:41'),
(405, 'Yael H. Cotton', '16480210 9878', 'Male', '17171717-1212-0909', 'B-', 'India', 'Uttar Pradesh', 'Saharanpur', 'Ap #485-214 In Avenue', 504455, '2021-01-13 11:27:41'),
(406, 'Basil D. Lester', '16081229 6036', 'Male', '14141414-0606-2424', 'B-', 'India', 'Uttar Pradesh', 'Saharanpur', 'Ap #376-9566 Tincidunt St.', 13817, '2021-01-13 11:27:41'),
(407, 'Kessie K. Little', '16241230 1042', 'Male', '15151515-0404-2929', 'B-', 'India', 'Uttar Pradesh', 'Saharanpur', 'Ap #551-3378 Lectus Avenue', 36774, '2021-01-13 11:27:41'),
(408, 'Moses F. Combs', '16381025 8180', 'Male', '91919191-0808-2626', 'B-', 'India', 'Uttar Pradesh', 'Saharanpur', '887-6053 Facilisis Rd.', 20502, '2021-01-13 11:27:41'),
(409, 'Gil F. Pratt', '16781004 6487', 'Male', '13131313-1010-1111', 'B-', 'India', 'Uttar Pradesh', 'Saharanpur', 'Ap #345-7463 Auctor St.', 0, '2021-01-13 11:27:41'),
(410, 'Joelle Q. Carrillo', '16940302 5563', 'Male', '97979797-1010-1919', 'B-', 'India', 'Uttar Pradesh', 'Saharanpur', '457-1454 Venenatis St.', 18474, '2021-01-13 11:27:41'),
(411, 'Anthony U. Bond', '16391106 0857', 'Male', '17171717-0909-1212', 'B-', 'India', 'Uttar Pradesh', 'Saharanpur', 'P.O. Box 808, 4974 Ac St.', 0, '2021-01-13 11:27:41'),
(412, 'Chester V. Witt', '16470509 7766', 'Male', '14141414-0808-2929', 'B-', 'India', 'Uttar Pradesh', 'Saharanpur', 'P.O. Box 993, 3523 Purus, St.', 218071, '2021-01-13 11:27:41'),
(413, 'Jolie U. Suarez', '16460608 3584', 'Male', '05050505-1010-2828', 'B-', 'India', 'Uttar Pradesh', 'Saharanpur', 'Ap #284-8415 Risus. Avenue', 167274, '2021-01-13 11:27:41'),
(414, 'Felix T. Sexton', '16371113 3433', 'Female', '00000000-0404-1010', 'B-', 'India', 'Uttar Pradesh', 'Saharanpur', '192-849 Molestie St.', 361813, '2021-01-13 11:27:41'),
(415, 'Lucius O. Weeks', '16580504 5571', 'Female', '04040404-0909-1919', 'B-', 'India', 'Uttar Pradesh', 'Saharanpur', '415-5740 Diam. Rd.', 0, '2021-01-13 11:27:41'),
(416, 'Allistair G. Scott', '16380130 4720', 'Female', '09090909-0505-2121', 'B-', 'India', 'Uttar Pradesh', 'Saharanpur', 'P.O. Box 678, 4785 Tortor. Street', 0, '2021-01-13 11:27:41'),
(417, 'Ayanna P. Cochran', '16200420 9165', 'Female', '20202020-0505-1111', 'B-', 'India', 'Uttar Pradesh', 'Saharanpur', '5654 Donec Street', 163760, '2021-01-13 11:27:41'),
(418, 'Alana V. Quinn', '16570908 1458', 'Female', '08080808-0707-1919', 'B-', 'India', 'Uttar Pradesh', 'Saharanpur', '638-715 A Rd.', 16976, '2021-01-13 11:27:41'),
(419, 'Melanie W. Marks', '16610905 3063', 'Female', '01010101-0707-2929', 'B-', 'India', 'Uttar Pradesh', 'Saharanpur', '4901 Curabitur Av.', 36101, '2021-01-13 11:27:41'),
(420, 'Remedios T. Kidd', '16141006 6102', 'Male', '15151515-0505-0303', 'AB+', 'India', 'Uttar Pradesh', 'Saharanpur', '731-1077 Libero. Ave', 2877, '2021-01-13 11:27:41'),
(421, 'Tallulah R. Hurley', '16920105 7768', 'Male', '02020202-1010-1616', 'AB+', 'India', 'Uttar Pradesh', 'Saharanpur', '983-6529 At, Street', 0, '2021-01-13 11:27:41'),
(422, 'Aristotle L. Burns', '16960208 8495', 'Male', '13131313-0404-2626', 'AB+', 'India', 'Uttar Pradesh', 'Saharanpur', 'Ap #373-7366 Vehicula St.', 30203, '2021-01-13 11:27:41'),
(423, 'Venus V. Workman', '16520921 3049', 'Male', '02020202-0505-1818', 'AB+', 'India', 'Uttar Pradesh', 'Saharanpur', '839-9634 Vulputate Rd.', 4496, '2021-01-13 11:27:41'),
(424, 'Gretchen E. Schultz', '16540720 0863', 'Male', '10101010-0101-1010', 'AB+', 'India', 'Uttar Pradesh', 'Saharanpur', 'Ap #608-3628 Sit Road', 74049, '2021-01-13 11:27:41'),
(425, 'Dillon T. Herman', '16460922 8343', 'Male', '92929292-0505-2424', 'AB+', 'India', 'Uttar Pradesh', 'Saharanpur', 'P.O. Box 381, 271 Eget Street', 5701, '2021-01-13 11:27:41'),
(426, 'Dillon O. Pennington', '16550226 1224', 'Male', '99999999-1111-1818', 'AB+', 'India', 'Uttar Pradesh', 'Saharanpur', '374-4979 Morbi Av.', 30914, '2021-01-13 11:27:41'),
(427, 'Reese P. Huffman', '16270329 8709', 'Male', '98989898-0202-1919', 'AB+', 'India', 'Uttar Pradesh', 'Saharanpur', '4154 Volutpat Av.', 36386, '2021-01-13 11:27:41'),
(428, 'Laurel A. Adkins', '16190202 4759', 'Male', '13131313-1212-2424', 'AB+', 'India', 'Uttar Pradesh', 'Saharanpur', 'P.O. Box 364, 7872 Ligula. Avenue', 2809, '2021-01-13 11:27:41'),
(429, 'Buckminster F. Cook', '16600526 5761', 'Male', '16161616-0909-0404', 'AB+', 'India', 'Uttar Pradesh', 'Saharanpur', 'P.O. Box 754, 9570 Sapien. Av.', 57146, '2021-01-13 11:27:41'),
(430, 'Janna A. Figueroa', '16910416 9686', 'Female', '20202020-0101-2222', 'AB+', 'India', 'Uttar Pradesh', 'Saharanpur', 'Ap #965-7940 Ante Street', 14748, '2021-01-13 11:27:41'),
(431, 'Shea F. Stanton', '16020309 0055', 'Female', '99999999-0808-1818', 'AB+', 'India', 'Uttar Pradesh', 'Saharanpur', 'P.O. Box 756, 9394 Commodo Rd.', 12193, '2021-01-13 11:27:41'),
(432, 'Candice L. Rollins', '16281125 1681', 'Female', '11111111-0303-2626', 'AB+', 'India', 'Uttar Pradesh', 'Saharanpur', '3956 Sed Ave', 13949, '2021-01-13 11:27:41'),
(433, 'Imani Z. Ward', '16361126 6408', 'Female', '17171717-0404-2020', 'AB+', 'India', 'Uttar Pradesh', 'Saharanpur', 'P.O. Box 506, 6733 Lectus Avenue', 652652, '2021-01-13 11:27:41'),
(434, 'Yvette F. Best', '16961217 3444', 'Female', '95959595-0808-1414', 'AB+', 'India', 'Uttar Pradesh', 'Saharanpur', 'P.O. Box 527, 9463 Odio Road', 12500, '2021-01-13 11:27:41'),
(435, 'Vaughan Q. Alvarez', '16680110 5682', 'Male', '90909090-1212-0202', 'AB-', 'India', 'Uttar Pradesh', 'Saharanpur', '177-5169 Quis, St.', 0, '2021-01-13 11:27:41'),
(436, 'Nell P. Barron', '16450118 6771', 'Male', '04040404-0707-2323', 'AB-', 'India', 'Uttar Pradesh', 'Saharanpur', '5787 A Rd.', 88413, '2021-01-13 11:27:41'),
(437, 'Kalia M. Swanson', '16890826 7076', 'Male', '97979797-0808-1717', 'AB-', 'India', 'Uttar Pradesh', 'Saharanpur', '622-9178 Enim Road', 4, '2021-01-13 11:27:41'),
(438, 'Lois G. Martin', '16720314 8825', 'Male', '05050505-0808-0202', 'AB-', 'India', 'Uttar Pradesh', 'Saharanpur', '142-1946 Parturient Street', 86643, '2021-01-13 11:27:41'),
(439, 'Steven E. Lester', '16260121 3347', 'Male', '09090909-0707-0404', 'AB-', 'India', 'Uttar Pradesh', 'Saharanpur', '273-7959 Justo. Ave', 86121, '2021-01-13 11:27:41'),
(440, 'Zelenia R. Morton', '16580925 5549', 'Male', '10101010-0909-1717', 'AB-', 'India', 'Uttar Pradesh', 'Saharanpur', '8648 Iaculis Ave', 10811, '2021-01-13 11:27:41'),
(441, 'Jarrod V. Trujillo', '16690910 9669', 'Male', '11111111-0707-2929', 'AB-', 'India', 'Uttar Pradesh', 'Saharanpur', 'P.O. Box 261, 9425 Hendrerit Avenue', 82234, '2021-01-13 11:27:41'),
(442, 'Vanna B. Boyd', '16770919 7219', 'Male', '00000000-1111-1818', 'AB-', 'India', 'Uttar Pradesh', 'Saharanpur', 'P.O. Box 405, 6516 Risus. Rd.', 94881, '2021-01-13 11:27:41'),
(443, 'Brody U. Mendoza', '16220823 7368', 'Male', '00000000-0303-2727', 'AB-', 'India', 'Uttar Pradesh', 'Saharanpur', 'P.O. Box 284, 9934 Fermentum Rd.', 742511, '2021-01-13 11:27:41'),
(444, 'Dennis V. Diaz', '16250102 6666', 'Female', '96969696-0202-0404', 'AB-', 'India', 'Uttar Pradesh', 'Saharanpur', 'Ap #797-6152 Orci Road', 0, '2021-01-13 11:27:41'),
(445, 'Lydia A. Conway', '16131018 4476', 'Female', '09090909-0404-2222', 'AB-', 'India', 'Uttar Pradesh', 'Saharanpur', '9622 Sit Street', 79732, '2021-01-13 11:27:41'),
(446, 'Charlotte C. Goodman', '16291213 5502', 'Female', '96969696-0101-2828', 'AB-', 'India', 'Uttar Pradesh', 'Saharanpur', 'P.O. Box 360, 6425 Etiam Ave', 130208, '2021-01-13 11:27:41'),
(447, 'Echo J. Zamora', '16441221 1908', 'Female', '92929292-0101-1212', 'AB-', 'India', 'Uttar Pradesh', 'Saharanpur', '992-9083 Risus. Ave', 22843, '2021-01-13 11:27:41'),
(448, 'Clark R. Curry', '16121021 2906', 'Female', '01010101-0505-0707', 'AB-', 'India', 'Uttar Pradesh', 'Saharanpur', 'Ap #312-300 Mi Rd.', 0, '2021-01-13 11:27:41'),
(449, 'Helen T. Vance', '16170602 4864', 'Female', '09090909-0202-2424', 'AB-', 'India', 'Uttar Pradesh', 'Saharanpur', 'Ap #208-9356 In Av.', 44893, '2021-01-13 11:27:41'),
(450, 'Arthur W. Blackwell', '16081023 4948', 'Male', '07070707-0303-2626', 'O+', 'India', 'Uttar Pradesh', 'Saharanpur', '489-1760 Donec Avenue', 1147, '2021-01-13 11:27:41'),
(451, 'Salvador N. Prince', '16590417 3902', 'Male', '18181818-0303-1414', 'O+', 'India', 'Uttar Pradesh', 'Saharanpur', 'Ap #981-6188 Nisl. Av.', 0, '2021-01-13 11:27:41'),
(452, 'Astra Y. Levy', '16790510 1452', 'Male', '19191919-0909-0909', 'O+', 'India', 'Uttar Pradesh', 'Saharanpur', 'Ap #788-9676 Sagittis. Avenue', 4856, '2021-01-13 11:27:41'),
(453, 'Ferdinand R. Benton', '16740909 6976', 'Male', '17171717-0101-1111', 'O+', 'India', 'Uttar Pradesh', 'Saharanpur', '9093 Morbi Street', 128226, '2021-01-13 11:27:41'),
(454, 'Randall P. Bray', '16840625 8361', 'Male', '15151515-0707-1818', 'O+', 'India', 'Uttar Pradesh', 'Saharanpur', 'P.O. Box 116, 2258 Vestibulum St.', 77439, '2021-01-13 11:27:41'),
(455, 'Luke H. Wagner', '16890226 8583', 'Male', '99999999-0707-2828', 'O+', 'India', 'Uttar Pradesh', 'Saharanpur', '7472 Venenatis Street', 50760, '2021-01-13 11:27:41'),
(456, 'Reese S. Salas', '16620701 4942', 'Male', '18181818-0303-1010', 'O+', 'India', 'Uttar Pradesh', 'Saharanpur', '8517 Integer Road', 7239, '2021-01-13 11:27:41'),
(457, 'Dacey Q. Rocha', '16920904 7506', 'Male', '10101010-1212-2626', 'O+', 'India', 'Uttar Pradesh', 'Saharanpur', 'P.O. Box 256, 6218 Aliquam Street', 35664, '2021-01-13 11:27:41'),
(458, 'Hakeem F. Bullock', '16981213 5862', 'Male', '14141414-0808-1212', 'O+', 'India', 'Uttar Pradesh', 'Saharanpur', '793-9023 Enim St.', 733345, '2021-01-13 11:27:41'),
(459, 'Lillian K. Norris', '16170101 6220', 'Male', '12121212-0707-2121', 'O+', 'India', 'Uttar Pradesh', 'Saharanpur', '4642 Aliquet Street', 0, '2021-01-13 11:27:41'),
(460, 'Jamal S. Bowen', '16470828 2704', 'Female', '99999999-1212-1313', 'O+', 'India', 'Uttar Pradesh', 'Saharanpur', 'P.O. Box 634, 7165 Vulputate Street', 608703, '2021-01-13 11:27:41'),
(461, 'Stuart E. Guerra', '16070304 5088', 'Female', '91919191-1111-2222', 'O+', 'India', 'Uttar Pradesh', 'Saharanpur', 'P.O. Box 177, 6394 Augue St.', 61663, '2021-01-13 11:27:41'),
(462, 'Sasha O. Torres', '16270628 5505', 'Female', '04040404-0606-3030', 'O+', 'India', 'Uttar Pradesh', 'Saharanpur', 'P.O. Box 915, 6520 Nulla St.', 886374, '2021-01-13 11:27:41'),
(463, 'Raymond N. Wilkerson', '16881226 3971', 'Female', '11111111-0808-0606', 'O+', 'India', 'Uttar Pradesh', 'Saharanpur', 'Ap #717-9790 Erat St.', 5610, '2021-01-13 11:27:41'),
(464, 'Risa W. Salinas', '16881029 0927', 'Female', '19191919-0404-0202', 'O+', 'India', 'Uttar Pradesh', 'Saharanpur', '4295 Rhoncus. St.', 74713, '2021-01-13 11:27:41'),
(465, 'Kasimir I. Beach', '16600525 5226', 'Male', '96969696-0404-2525', 'O-', 'India', 'Uttar Pradesh', 'Saharanpur', '531 Hendrerit Ave', 83211, '2021-01-13 11:27:41'),
(466, 'Myles J. Curtis', '16910218 9215', 'Male', '97979797-0101-2626', 'O-', 'India', 'Uttar Pradesh', 'Saharanpur', '396-221 Mus. Road', 40333, '2021-01-13 11:27:41'),
(467, 'Keefe T. Hancock', '16650521 4160', 'Male', '01010101-1010-2929', 'O-', 'India', 'Uttar Pradesh', 'Saharanpur', 'Ap #584-7627 In Avenue', 94603, '2021-01-13 11:27:41'),
(468, 'Wallace U. Travis', '16480928 8444', 'Male', '93939393-0202-1717', 'O-', 'India', 'Uttar Pradesh', 'Saharanpur', '9334 Aliquam Avenue', 8406, '2021-01-13 11:27:41'),
(469, 'Alea V. Garrison', '16600821 2695', 'Male', '02020202-0606-0404', 'O-', 'India', 'Uttar Pradesh', 'Saharanpur', 'Ap #796-2155 Dapibus Street', 466363, '2021-01-13 11:27:41'),
(470, 'Nita L. Frost', '16000713 6682', 'Male', '01010101-0505-1313', 'O-', 'India', 'Uttar Pradesh', 'Saharanpur', 'Ap #758-4277 Curabitur St.', 259353, '2021-01-13 11:27:41'),
(471, 'Hunter E. Howard', '16400320 8305', 'Male', '05050505-0505-3030', 'O-', 'India', 'Uttar Pradesh', 'Saharanpur', '3293 Ante St.', 369822, '2021-01-13 11:27:41'),
(472, 'Kylie N. Zimmerman', '16410318 7334', 'Male', '04040404-0404-2727', 'O-', 'India', 'Uttar Pradesh', 'Saharanpur', 'Ap #380-2182 Sit Ave', 6114, '2021-01-13 11:27:41'),
(473, 'Kylie J. Saunders', '16420122 2199', 'Male', '20202020-0606-2121', 'O-', 'India', 'Uttar Pradesh', 'Saharanpur', 'Ap #806-8387 Massa. Rd.', 0, '2021-01-13 11:27:41'),
(474, 'Phoebe L. Sweeney', '16310729 3148', 'Male', '10101010-0202-1515', 'O-', 'India', 'Uttar Pradesh', 'Saharanpur', 'P.O. Box 796, 7123 Vitae Rd.', 0, '2021-01-13 11:27:41'),
(475, 'Hasad I. Kaufman', '16790711 0774', 'Male', '94949494-0101-1212', 'O-', 'India', 'Uttar Pradesh', 'Saharanpur', '424-4967 Donec Rd.', 24766, '2021-01-13 11:27:41'),
(476, 'Ralph O. Santos', '16450526 2669', 'Male', '19191919-1212-0707', 'O-', 'India', 'Uttar Pradesh', 'Saharanpur', '494-778 Elit, Rd.', 7267, '2021-01-13 11:27:41'),
(477, 'Levi Q. Watts', '16720401 2178', 'Male', '96969696-1010-0606', 'O-', 'India', 'Uttar Pradesh', 'Saharanpur', '703-3981 Pretium Street', 2392, '2021-01-13 11:27:41'),
(478, 'Todd Y. Jarvis', '16461220 4455', 'Male', '05050505-0303-1818', 'O-', 'India', 'Uttar Pradesh', 'Saharanpur', '170-8470 Diam Rd.', 11826, '2021-01-13 11:27:41'),
(479, 'Larissa F. Stephens', '16670627 0268', 'Male', '14141414-0606-3030', 'O-', 'India', 'Uttar Pradesh', 'Saharanpur', '365-1241 Tincidunt Road', 64080, '2021-01-13 11:27:41'),
(480, 'Maisie G. Burnett', '16110508 9666', 'Male', '08080808-0606-0808', 'O-', 'India', 'Uttar Pradesh', 'Saharanpur', 'Ap #910-7806 Mauris Av.', 9929, '2021-01-13 11:27:41'),
(481, 'MacKenzie K. Cook', '16270101 9925', 'Male', '03030303-1010-1616', 'O-', 'India', 'Uttar Pradesh', 'Saharanpur', '424-1165 Magna. Street', 10573, '2021-01-13 11:27:41'),
(482, 'Upton M. Edwards', '16040114 0462', 'Male', '18181818-0404-2525', 'O-', 'India', 'Uttar Pradesh', 'Saharanpur', 'Ap #634-8042 Eu, Street', 2890, '2021-01-13 11:27:41'),
(483, 'Barrett R. Austin', '16880112 3657', 'Male', '08080808-0707-2424', 'O-', 'India', 'Uttar Pradesh', 'Saharanpur', 'Ap #960-1041 Dui St.', 0, '2021-01-13 11:27:41'),
(484, 'Solomon U. Carpenter', '16320320 8859', 'Male', '91919191-1010-1414', 'O-', 'India', 'Uttar Pradesh', 'Saharanpur', 'Ap #477-1566 Massa. Ave', 9644, '2021-01-13 11:27:41'),
(485, 'Dalton G. Grant', '16410713 4787', 'Female', '13131313-1111-1010', 'O-', 'India', 'Uttar Pradesh', 'Saharanpur', 'P.O. Box 526, 787 Nibh Rd.', 0, '2021-01-13 11:27:41'),
(486, 'Imani J. Aguirre', '16460712 5459', 'Female', '17171717-0909-0303', 'O-', 'India', 'Uttar Pradesh', 'Saharanpur', '2180 Nec Road', 16, '2021-01-13 11:27:41'),
(487, 'Nigel Z. Slater', '16481124 7123', 'Female', '97979797-0202-1010', 'O-', 'India', 'Uttar Pradesh', 'Saharanpur', '5845 Nam St.', 74398, '2021-01-13 11:27:41'),
(488, 'Caesar C. Black', '16730730 4498', 'Female', '15151515-0303-0404', 'O-', 'India', 'Uttar Pradesh', 'Saharanpur', '7857 Montes, Avenue', 583343, '2021-01-13 11:27:41'),
(489, 'Emerson O. Pittman', '16980417 3715', 'Female', '12121212-0707-2929', 'O-', 'India', 'Uttar Pradesh', 'Saharanpur', '5146 Vitae Street', 21104, '2021-01-13 11:27:41'),
(490, 'Aladdin Q. Tyler', '16680127 4058', 'Female', '20202020-0404-2727', 'O-', 'India', 'Uttar Pradesh', 'Saharanpur', 'Ap #915-5541 Aliquam Av.', 4348, '2021-01-13 11:27:41'),
(491, 'Deacon D. Mckinney', '16661130 4459', 'Female', '91919191-0505-2626', 'O-', 'India', 'Uttar Pradesh', 'Saharanpur', 'P.O. Box 787, 5257 Phasellus Ave', 0, '2021-01-13 11:27:41'),
(492, 'Cairo T. Solis', '16020229 2355', 'Female', '17171717-0303-0202', 'O-', 'India', 'Uttar Pradesh', 'Saharanpur', '395-6280 Fringilla Street', 18011, '2021-01-13 11:27:41'),
(493, 'Paul V. Higgins', '16871229 5768', 'Female', '93939393-1111-0101', 'O-', 'India', 'Uttar Pradesh', 'Saharanpur', 'P.O. Box 264, 3175 Phasellus St.', 57614, '2021-01-13 11:27:41'),
(494, 'Ralph C. Cantrell', '16450802 6905', 'Female', '17171717-0909-2424', 'O-', 'India', 'Uttar Pradesh', 'Saharanpur', 'P.O. Box 295, 7879 A, Street', 15, '2021-01-13 11:27:41'),
(495, 'Marcia Q. Bauer', '16591106 7493', 'Female', '19191919-0505-2626', 'O-', 'India', 'Uttar Pradesh', 'Saharanpur', '4933 Varius St.', 682477, '2021-01-13 11:27:41'),
(496, 'Zorita T. Zamora', '16310602 3348', 'Female', '95959595-0505-2121', 'O-', 'India', 'Uttar Pradesh', 'Saharanpur', '2917 Imperdiet Av.', 0, '2021-01-13 11:27:41'),
(497, 'Ray U. Contreras', '16901006 1019', 'Female', '20202020-1212-2626', 'O-', 'India', 'Uttar Pradesh', 'Saharanpur', 'Ap #252-5863 Neque. Road', 52825, '2021-01-13 11:27:41'),
(498, 'Ivory C. Richard', '16341025 7103', 'Female', '09090909-0707-3131', 'O-', 'India', 'Uttar Pradesh', 'Saharanpur', '4772 Mollis Ave', 7696, '2021-01-13 11:27:41'),
(499, 'Magee M. Guthrie', '16810205 6101', 'Female', '93939393-0303-0707', 'O-', 'India', 'Uttar Pradesh', 'Saharanpur', '1204 Gravida Rd.', 786, '2021-01-13 11:27:41'),
(500, 'Eaton B. Salazar', '16731003 8547', '', '98989898-0808-2020', '', '', '', '', 'P.O. Box 581, 5979 Duis Rd.', 7234, '2021-01-13 11:27:41'),
(501, 'Shanky Chaudhary', '9765431221', 'male', '1983-02-17', 'B+', 'India', 'Delhi', 'New Delhi', 'sh-47,shastri nagar, ghaziabad', 201002, '2021-01-14 07:49:56'),
(502, 'Avni Katariya', '8533861553', 'female', '2006-02-14', 'A+', 'India', 'Uttar Pradesh', 'Saharanpur', 'govind puram,flat no 45', 543212, '2021-01-14 07:51:01');

-- --------------------------------------------------------

--
-- Table structure for table `home_donar`
--

CREATE TABLE IF NOT EXISTS `home_donar` (
  `h_id` int(10) NOT NULL AUTO_INCREMENT,
  `name` varchar(40) NOT NULL,
  `mobile` varchar(15) NOT NULL,
  `gender` varchar(10) NOT NULL,
  `dob` varchar(15) NOT NULL,
  `bloodgroup` varchar(10) NOT NULL,
  `state` varchar(30) NOT NULL,
  `city` varchar(30) NOT NULL,
  `blood_bank` varchar(80) NOT NULL,
  `address` varchar(40) NOT NULL,
  `pincode` int(10) NOT NULL,
  `available_date1` varchar(40) NOT NULL,
  `available_date2` varchar(40) NOT NULL,
  `register_date` timestamp NOT NULL DEFAULT CURRENT_TIMESTAMP,
  PRIMARY KEY (`h_id`)
) ENGINE=InnoDB  DEFAULT CHARSET=latin1 AUTO_INCREMENT=62 ;

--
-- Dumping data for table `home_donar`
--

INSERT INTO `home_donar` (`h_id`, `name`, `mobile`, `gender`, `dob`, `bloodgroup`, `state`, `city`, `blood_bank`, `address`, `pincode`, `available_date1`, `available_date2`, `register_date`) VALUES
(5, 'Shivom', '8059956890', 'Male', '1996-12-04', 'AB+', 'Uttar Pradesh', 'Ghaziabad', 'GS Medical College Blood Bank', 'sh-47,shastri nagar, ghaziabad', 201002, '2021-01-22', '2021-01-20', '2021-01-16 18:30:00'),
(6, 'HARISH DOBRIYAL', '9899293234', 'Male', '1990-08-10', 'A+', 'Uttar Pradesh', 'Ghaziabad', 'GS Medical College Blood Bank', 'NH-58, Delhi Meerut Road, Modinagar', 201204, '2021-01-14', '2021-01-15', '2021-01-09 18:30:00'),
(7, 'Amrit', '9078906789', 'Male', '1996-11-17', 'A+', 'Uttar Pradesh', 'Ghaziabad', 'GS Medical College Blood Bank', 'near shiv tempale vijaynagar', 201310, '2021-01-15', '2021-01-16', '2021-01-17 18:30:00'),
(8, 'Ankit Singhal', '9911052905', 'Male', '1998-01-12', 'A+', 'Uttar Pradesh', 'Ghaziabad', 'GS Medical College Blood Bank', 'vikas pur road muradnagar', 201903, '2021-01-15', '2021-01-16', '2021-01-23 18:30:00'),
(9, 'Mohan Lal', '8909129078', 'Male', '1999-02-25', 'A-', 'Uttar Pradesh', 'Ghaziabad', 'GS Medical College Blood Bank', 'h299 farred nagar sahaput road', 201917, '2021-01-19', '2021-01-20', '2021-01-03 18:30:00'),
(10, 'Mukesh Kumar Singh', '9999364690', 'Male', '2002-12-05', 'A-', 'Uttar Pradesh', 'Ghaziabad', 'GS Medical College Blood Bank', 'Rasoolpur Dhaulri - Niwari - Modinagar R', 201127, '2021-01-19', '2021-01-20', '2021-01-02 18:30:00'),
(11, 'Lalit Singh', '9087364690', 'Male', '2001-12-05', 'B+', 'Uttar Pradesh', 'Ghaziabad', 'GS Medical College Blood Bank', 'NH-58, Delhi Meerut Road, Modinagar', 201234, '2021-01-15', '2021-01-16', '2021-01-04 18:30:00'),
(12, 'Akansha Mishra', '8087389690', 'Female', '1999-02-15', 'B+', 'Uttar Pradesh', 'Ghaziabad', 'GS Medical College Blood Bank', 'Meerut Road, Muradnagar', 101730, '2021-01-18', '2021-01-19', '2021-01-04 18:30:00'),
(13, 'Vidushi Ranjan', '7097389619', 'Female', '2000-11-05', 'B-', 'Uttar Pradesh', 'Ghaziabad', 'GS Medical College Blood Bank', 'Soordas marg, Block D, Sector 18, Kavi N', 391739, '2021-01-19', '2021-01-21', '2021-01-12 16:46:09'),
(14, 'Gopap Nath', '9199389623', 'Male', '2001-1-19', 'B-', 'Uttar Pradesh', 'Ghaziabad', 'GS Medical College Blood Bank', 'Sihani Gate Police Station, Maliwada, Ne', 294799, '2021-01-20', '2021-01-21', '2021-01-12 16:49:16'),
(15, 'Afreen Afroz', '7196387623', 'Female', '2001-07-29', 'AB+', 'Uttar Pradesh', 'Ghaziabad', 'GS Medical College Blood Bank', 'Sector 9, Vijay Nagar, Ghaziabad', 291290, '2021-01-21', '2021-01-22', '2021-01-12 16:51:19'),
(16, 'Deepak Kumar', '9196880023', 'Male', '1991-07-29', 'O+', 'Uttar Pradesh', 'Ghaziabad', 'GS Medical College Blood Bank', 'Hapur Road, Massoorie, Ghaziabad', 111290, '2021-01-22', '2021-01-23', '2021-01-12 16:54:07'),
(17, 'Anuj Gupta', '8166880001', 'Male', '1997-10-09', 'O+', 'Uttar Pradesh', 'Ghaziabad', 'GS Medical College Blood Bank', 'Sector 7, Vashundhara, Ghaziabad ', 211230, '2021-01-17', '2021-01-18', '2021-01-12 16:55:30'),
(18, 'Kanishka Sharma', '690230092', 'Female', '1998-11-19', 'O-', 'Uttar Pradesh', 'Ghaziabad', 'GS Medical College Blood Bank', 'a12 near Kotwali Police Station', 421239, '2021-01-18', '2021-01-20', '2021-01-12 16:57:30'),
(19, 'Manjeet Singh', '890231097', 'Male', '1992-01-29', 'O-', 'Uttar Pradesh', 'Ghaziabad', 'GS Medical College Blood Bank', 'Hno23 NK Maliwada, Nehru Nagar 3', 122390, '2021-01-22', '2021-01-23', '2021-01-12 16:59:53'),
(20, 'Gautam Panwar', '760211060', 'Male', '2002-11-16', 'AB-', 'Uttar Pradesh', 'Ghaziabad', 'GS Medical College Blood Bank', 'Rasoolpur Dhaulri - Niwari', 370312, '2021-01-24', '2021-01-27', '2021-01-12 17:01:37'),
(21, 'Mukesh Mehta', '9602143901', 'Male', '2001-03-01', 'AB-', 'Uttar Pradesh', 'Ghaziabad', 'GS Medical College Blood Bank', 'SC-020 Jaipuria Sunrise Plaza, Ahinsa Kh', 270310, '2021-01-21', '2021-01-23', '2021-01-12 17:04:31'),
(22, 'Shivom', '8059956890', 'Male', '1996-12-04', 'AB+', 'Uttar Pradesh', 'Ghaziabad', 'Sarvodaya Hospital Blood Bank', 'sh-47,shastri nagar, ghaziabad', 201002, '2021-01-22', '2021-01-20', '0000-00-00 00:00:00'),
(23, 'HARISH DOBRIYAL', '9899293234', 'Male', '1990-08-10', 'A+', 'Uttar Pradesh', 'Ghaziabad', 'Sarvodaya Hospital Blood Bank', 'NH-58, Delhi Meerut Road, Modinagar', 201204, '2021-01-14', '2021-01-15', '0000-00-00 00:00:00'),
(24, 'Amrit', '9078906789', 'Male', '1996-11-17', 'A+', 'Uttar Pradesh', 'Ghaziabad', 'Sarvodaya Hospital Blood Bank', 'near shiv tempale vijaynagar', 201310, '2021-01-15', '2021-01-16', '0000-00-00 00:00:00'),
(25, 'Ankit Singhal', '9911052905', 'Male', '1998-01-12', 'A+', 'Uttar Pradesh', 'Ghaziabad', 'Sarvodaya Hospital Blood Bank', 'vikas pur road muradnagar', 201903, '2021-01-15', '2021-01-16', '0000-00-00 00:00:00'),
(26, 'Mohan Lal', '8909129078', 'Male', '1999-02-25', 'A-', 'Uttar Pradesh', 'Ghaziabad', 'Sarvodaya Hospital Blood Bank', 'h299 farred nagar sahaput road', 201917, '2021-01-19', '2021-01-20', '0000-00-00 00:00:00'),
(27, 'Mukesh Kumar Singh', '9999364690', 'Male', '2002-12-05', 'A-', 'Uttar Pradesh', 'Ghaziabad', 'Sarvodaya Hospital Blood Bank', 'Rasoolpur Dhaulri - Niwari - Modinagar R', 201127, '2021-01-19', '2021-01-20', '0000-00-00 00:00:00'),
(28, 'Lalit Singh', '9087364690', 'Male', '2001-12-05', 'B+', 'Uttar Pradesh', 'Ghaziabad', 'Sarvodaya Hospital Blood Bank', 'NH-58, Delhi Meerut Road, Modinagar', 201234, '2021-01-15', '2021-01-16', '0000-00-00 00:00:00'),
(29, 'Akansha Mishra', '8087389690', 'Female', '1999-02-15', 'B+', 'Uttar Pradesh', 'Ghaziabad', 'Sarvodaya Hospital Blood Bank', 'Meerut Road, Muradnagar', 101730, '2021-01-18', '2021-01-19', '0000-00-00 00:00:00'),
(30, 'Vidushi Ranjan', '7097389619', 'Female', '2000-11-05', 'B-', 'Uttar Pradesh', 'Ghaziabad', 'Sarvodaya Hospital Blood Bank', 'Soordas marg, Block D, Sector 18, Kavi N', 391739, '2021-01-19', '2021-01-21', '2021-01-12 16:46:09'),
(31, 'Gopap Nath', '9199389623', 'Male', '2001-1-19', 'B-', 'Uttar Pradesh', 'Ghaziabad', 'Sarvodaya Hospital Blood Bank', 'Sihani Gate Police Station, Maliwada, Ne', 294799, '2021-01-20', '2021-01-21', '2021-01-12 16:49:16'),
(32, 'Afreen Afroz', '7196387623', 'Female', '2001-07-29', 'AB+', 'Uttar Pradesh', 'Ghaziabad', 'Sarvodaya Hospital Blood Bank', 'Sector 9, Vijay Nagar, Ghaziabad', 291290, '2021-01-21', '2021-01-22', '2021-01-12 16:51:19'),
(33, 'Deepak Kumar', '9196880023', 'Male', '1991-07-29', 'O+', 'Uttar Pradesh', 'Ghaziabad', 'Sarvodaya Hospital Blood Bank', 'Hapur Road, Massoorie, Ghaziabad', 111290, '2021-01-22', '2021-01-23', '2021-01-12 16:54:07'),
(34, 'Anuj Gupta', '8166880001', 'Male', '1997-10-09', 'O+', 'Uttar Pradesh', 'Ghaziabad', 'Sarvodaya Hospital Blood Bank', 'Sector 7, Vashundhara, Ghaziabad ', 211230, '2021-01-17', '2021-01-18', '2021-01-12 16:55:30'),
(35, 'Kanishka Sharma', '690230092', 'Female', '1998-11-19', 'O-', 'Uttar Pradesh', 'Ghaziabad', 'Sarvodaya Hospital Blood Bank', 'a12 near Kotwali Police Station', 421239, '2021-01-18', '2021-01-20', '2021-01-12 16:57:30'),
(36, 'Manjeet Singh', '890231097', 'Male', '1992-01-29', 'O-', 'Uttar Pradesh', 'Ghaziabad', 'Sarvodaya Hospital Blood Bank', 'Hno23 NK Maliwada, Nehru Nagar 3', 122390, '2021-01-22', '2021-01-23', '2021-01-12 16:59:53'),
(37, 'Gautam Panwar', '760211060', 'Male', '2002-11-16', 'AB-', 'Uttar Pradesh', 'Ghaziabad', 'Sarvodaya Hospital Blood Bank', 'Rasoolpur Dhaulri - Niwari', 370312, '2021-01-24', '2021-01-27', '2021-01-12 17:01:37'),
(38, 'Mukesh Mehta', '9602143901', 'Male', '2001-03-01', 'AB-', 'Uttar Pradesh', 'Ghaziabad', 'Sarvodaya Hospital Blood Bank', 'SC-020 Jaipuria Sunrise Plaza, Ahinsa Kh', 270310, '2021-01-21', '2021-01-23', '2021-01-12 17:04:31'),
(39, 'Shivom', '8059956890', 'Male', '1996-12-04', 'AB+', 'Uttar Pradesh', 'Ghaziabad', 'Blood Bank Sraswati Institute ', 'sh-47,shastri nagar, ghaziabad', 201002, '2021-01-22', '2021-01-20', '0000-00-00 00:00:00'),
(40, 'HARISH DOBRIYAL', '9899293234', 'Male', '1990-08-10', 'A+', 'Uttar Pradesh', 'Ghaziabad', 'Blood Bank Sraswati Institute ', 'NH-58, Delhi Meerut Road, Modinagar', 201204, '2021-01-14', '2021-01-15', '0000-00-00 00:00:00'),
(41, 'Amrit', '9078906789', 'Male', '1996-11-17', 'A+', 'Uttar Pradesh', 'Ghaziabad', 'Blood Bank Sraswati Institute ', 'near shiv tempale vijaynagar', 201310, '2021-01-15', '2021-01-16', '0000-00-00 00:00:00'),
(42, 'Ankit Singhal', '9911052905', 'Male', '1998-01-12', 'A+', 'Uttar Pradesh', 'Ghaziabad', 'Blood Bank Sraswati Institute ', 'vikas pur road muradnagar', 201903, '2021-01-15', '2021-01-16', '0000-00-00 00:00:00'),
(43, 'Mohan Lal', '8909129078', 'Male', '1999-02-25', 'A-', 'Uttar Pradesh', 'Ghaziabad', 'Blood Bank Sraswati Institute ', 'h299 farred nagar sahaput road', 201917, '2021-01-19', '2021-01-20', '0000-00-00 00:00:00'),
(44, 'Mukesh Kumar Singh', '9999364690', 'Male', '2002-12-05', 'A-', 'Uttar Pradesh', 'Ghaziabad', 'Blood Bank Sraswati Institute ', 'Rasoolpur Dhaulri - Niwari - Modinagar R', 201127, '2021-01-19', '2021-01-20', '0000-00-00 00:00:00'),
(45, 'Lalit Singh', '9087364690', 'Male', '2001-12-05', 'B+', 'Uttar Pradesh', 'Ghaziabad', 'Blood Bank Sraswati Institute ', 'NH-58, Delhi Meerut Road, Modinagar', 201234, '2021-01-15', '2021-01-16', '0000-00-00 00:00:00'),
(46, 'Akansha Mishra', '8087389690', 'Female', '1999-02-15', 'B+', 'Uttar Pradesh', 'Ghaziabad', 'Blood Bank Sraswati Institute ', 'Meerut Road, Muradnagar', 101730, '2021-01-18', '2021-01-19', '0000-00-00 00:00:00'),
(47, 'Vidushi Ranjan', '7097389619', 'Female', '2000-11-05', 'B-', 'Uttar Pradesh', 'Ghaziabad', 'Blood Bank Sraswati Institute ', 'Soordas marg, Block D, Sector 18, Kavi N', 391739, '2021-01-19', '2021-01-21', '2021-01-12 16:46:09'),
(48, 'Gopap Nath', '9199389623', 'Male', '2001-1-19', 'B-', 'Uttar Pradesh', 'Ghaziabad', 'Blood Bank Sraswati Institute ', 'Sihani Gate Police Station, Maliwada, Ne', 294799, '2021-01-20', '2021-01-21', '2021-01-12 16:49:16'),
(49, 'Afreen Afroz', '7196387623', 'Female', '2001-07-29', 'AB+', 'Uttar Pradesh', 'Ghaziabad', 'Blood Bank Sraswati Institute ', 'Sector 9, Vijay Nagar, Ghaziabad', 291290, '2021-01-21', '2021-01-22', '2021-01-12 16:51:19'),
(50, 'Deepak Kumar', '9196880023', 'Male', '1991-07-29', 'O+', 'Uttar Pradesh', 'Ghaziabad', 'Blood Bank Sraswati Institute ', 'Hapur Road, Massoorie, Ghaziabad', 111290, '2021-01-22', '2021-01-23', '2021-01-12 16:54:07'),
(51, 'Anuj Gupta', '8166880001', 'Male', '1997-10-09', 'O+', 'Uttar Pradesh', 'Ghaziabad', 'Blood Bank Sraswati Institute ', 'Sector 7, Vashundhara, Ghaziabad ', 211230, '2021-01-17', '2021-01-18', '2021-01-12 16:55:30'),
(52, 'Kanishka Sharma', '690230092', 'Female', '1998-11-19', 'O-', 'Uttar Pradesh', 'Ghaziabad', 'Blood Bank Sraswati Institute ', 'a12 near Kotwali Police Station', 421239, '2021-01-18', '2021-01-20', '2021-01-12 16:57:30'),
(53, 'Manjeet Singh Rajavat', '890231097', 'Male', '1992-01-29', 'O-', 'Uttar Pradesh', 'Ghaziabad', 'Blood Bank Sraswati Institute ', 'Hno23 NK Maliwada, Nehru Nagar 3', 122390, '2021-01-22', '2021-01-23', '2021-01-12 16:59:53'),
(54, 'Gautam Panwar', '760211060', 'Male', '2002-11-16', 'AB-', 'Uttar Pradesh', 'Ghaziabad', 'Blood Bank Sraswati Institute ', 'Rasoolpur Dhaulri - Niwari', 370312, '2021-01-24', '2021-01-27', '2021-01-12 17:01:37'),
(55, 'Mukesh Mehta', '9602143901', 'Male', '2001-03-01', 'AB-', 'Uttar Pradesh', 'Ghaziabad', 'Blood Bank Sraswati Institute ', 'SC-020 Jaipuria Sunrise Plaza, Ahinsa Kh', 270310, '2021-01-21', '2021-01-23', '2021-01-12 17:04:31'),
(56, 'Mukul Bajwa', '7089239012', 'Male', '2004-02-13', 'B+', 'Uttar Pradesh', 'Ghaziabad', 'GS Medical College Blood Bank', 'teachers colony dbd ', 245678, '2021-01-15', '2021-01-18', '2021-01-13 09:40:22'),
(57, 'Rohit Sharma', '9056980000', 'Male', '1998-06-17', 'AB-', 'Uttar Pradesh', 'Ghaziabad', 'GS Medical College Blood Bank', 'govind puram,flat no 45', 543212, '2021-01-21', '2021-01-19', '2021-01-13 10:18:50'),
(58, 'Rahul Singh', '9765431221', 'Male', '1996-02-14', 'A+', 'Uttar Pradesh', 'Ghaziabad', 'GS Medical College Blood Bank', 'viil-ransura ,post dbd sre', 908765, '2021-01-21', '2021-01-26', '2021-01-14 07:47:01'),
(59, 'Ramkumar Singh', '9058925500', 'Male', '1998-02-06', 'B+', 'Uttar Pradesh', 'Ghaziabad', 'Sarvodaya Hospital Blood Bank', 'sh 47,shastri nagar,ghaziabad', 201002, '2021-01-22', '2021-01-23', '2021-01-15 16:31:41'),
(60, 'Prashant Sharma', '8909567812', 'Male', '1992-02-07', 'AB-', 'Uttar Pradesh', 'Saharanpur', 'Blood Bank Of Hill Top', 'Vikas nagar Flat no 89 ', 345612, '2021-01-22', '2021-01-24', '2021-01-16 07:03:18'),
(61, 'Shubham tyagi', '8171811660', 'Male', '2021-01-05', 'O+', 'Uttar Pradesh', 'Ghaziabad', 'Shubham tyagi', 'sho', 251001, '2021-01-20', '2021-01-20', '2021-01-17 10:13:04');

-- --------------------------------------------------------

--
-- Table structure for table `login`
--

CREATE TABLE IF NOT EXISTS `login` (
  `bank_id` int(30) NOT NULL,
  `email` varchar(50) NOT NULL,
  `password` varchar(20) NOT NULL,
  PRIMARY KEY (`bank_id`)
) ENGINE=InnoDB DEFAULT CHARSET=latin1;

--
-- Dumping data for table `login`
--

INSERT INTO `login` (`bank_id`, `email`, `password`) VALUES
(6, 'abloodbank@gmail.com', 'sh123!!'),
(7, 'bbloodbank@gmail.com', '12345'),
(8, 'shiv@gmail.com', 'Shiv@1204'),
(9, 'bloodbanksarvodaya@gmail.com', 'amit@mishra123'),
(10, 'priyac1805@gmail.com', 'ritu12sahu'),
(11, 'sarvsamajsangamsociety@gmail.com', 'vidhy@me'),
(12, 'drh178@yahoo.com', 'nehu@123'),
(13, 'rainaaditi@gmail.com', 'anubhav123'),
(15, 'rawatkundan78@gmail.com', 'ritu12sahu'),
(16, 'admin@shantigopalalhospitals.com', 'jagdesh123'),
(17, 'bbcbb2016@gmail.com', 'mo@1234'),
(18, 'vardanmsh@gmail.com', 'sajad@123'),
(19, 'Sbd.bb.saharanpur@gmail.com', '12#san'),
(21, 'balajibbsaharanpur@gmail.com', 'raog231'),
(22, 'citylionsbb@gmail.com', 'amit@mishra123'),
(23, 'drrenusharma1@gmail.com', 'anshari#123'),
(24, 'rajshubhverma29@gmail.com', 'bhawna@giri'),
(25, 'imabloodbankmeerut@gmail.com', 'bacchapar456'),
(26, 'subhartibb@yahoo.com', '1345mahesw'),
(27, 'sbbmeerut@gmail.com', '12345'),
(28, 'lokpriya_hospital@rediffmail.com', 'garh234567'),
(29, 'dhirandrasharma@gmail.com', '123dedrf'),
(30, 'ssindhuansh@gmail.com', 'visha34@'),
(32, 'nishapmalik15@yahoo.com', 'yah34de'),
(33, 'cmsbbmznr@gmail.com', 'ds2345'),
(34, 'bloodbankmmch@gmail.com', 'cllg2331'),
(35, 'rakhil27@gmail.com', 'drf3421'),
(36, 'dgpath@gmail.com', '789077'),
(37, 'mtfmoradabad@gmail.com', '12345678'),
(38, 'mtfmoradabad@gmail.com', '12345678'),
(39, 'sonusingh56ae@gmail.com', 'Shiv@12345'),
(41, 'ravivardha@gmail.com', '12345'),
(46, 'shivkumar@gmail.com', 'Kumar@123'),
(47, 'bharatwish@gmail.com', 'Bharat@123'),
(48, 'alwyasbb123@gmail.com', 'amitrao'),
(49, 'bbhilltop@gmail.com', 'bb@123');

-- --------------------------------------------------------

--
-- Table structure for table `user_query`
--

CREATE TABLE IF NOT EXISTS `user_query` (
  `q_id` int(10) NOT NULL AUTO_INCREMENT,
  `name` varchar(50) NOT NULL,
  `email` varchar(50) NOT NULL,
  `bank_name` varchar(80) NOT NULL,
  `phone` varchar(15) NOT NULL,
  `message` varchar(200) NOT NULL,
  `user_type` varchar(20) NOT NULL,
  `q_date` timestamp NOT NULL DEFAULT CURRENT_TIMESTAMP,
  PRIMARY KEY (`q_id`)
) ENGINE=InnoDB  DEFAULT CHARSET=latin1 AUTO_INCREMENT=34 ;

--
-- Dumping data for table `user_query`
--

INSERT INTO `user_query` (`q_id`, `name`, `email`, `bank_name`, `phone`, `message`, `user_type`, `q_date`) VALUES
(1, 'Ramesh Singh', 'ramesh@yahoo.in', 'GS Medical College Blood Bank', '9765431221', 'Helloo there', 'Blood Donar', '2021-01-14 08:51:29'),
(3, 'Erasmus Padilla', 'Aliquam.ornare@lobortisquis.org', 'GS Medical College Blood Bank', '16231008 9749', 'ac urna. Ut tincidunt vehicula risus. Nulla eget metus eu erat semper rutrum. Fusce dolor quam, elementum at, egestas a, scelerisque sed, sapien.', 'Blood Donar', '2021-01-14 09:57:20'),
(4, 'Valentine Coleman', 'massa@augue.co.uk', 'GS Medical College Blood Bank', '16140312 8158', 'condimentum eget, volutpat ornare, facilisis eget, ipsum. Donec sollicitudin adipiscing ligula. Aenean gravida nunc sed pede. Cum sociis natoque penatibus et magnis dis parturient montes, nascetur', 'Blood Donar', '2021-01-14 09:57:20'),
(5, 'Jorden Chang', 'Nunc@Vestibulumante.org', 'GS Medical College Blood Bank', '16160711 5522', 'tortor, dictum eu, placerat eget, venenatis a, magna. Lorem ipsum dolor sit amet, consectetuer adipiscing elit. Etiam laoreet,', 'Blood Donar', '2021-01-14 09:57:20'),
(6, 'Ryder Puckett', 'porttitor.tellus.non@eunibh.com', 'GS Medical College Blood Bank', '16111003 9946', 'ultrices iaculis odio. Nam interdum enim non', 'Blood Donar', '2021-01-14 09:57:20'),
(7, 'Hayley Kirby', 'in.aliquet.lobortis@mattisvelitjusto.com', 'GS Medical College Blood Bank', '16950601 3904', 'ac turpis', 'Blood Donar', '2021-01-14 09:57:20'),
(8, 'Catherine Williams', 'Proin.velit@semmagnanec.org', 'GS Medical College Blood Bank', '16550201 6701', 'et netus et malesuada fames ac turpis egestas. Fusce aliquet magna', 'Blood Donar', '2021-01-14 09:57:20'),
(9, 'Cade Walton', 'penatibus@blanditNamnulla.edu', 'GS Medical College Blood Bank', '16140921 7393', 'morbi tristique senectus et netus et malesuada fames ac turpis egestas. Fusce aliquet magna a neque. Nullam ut nisi a', 'Blood Receiver', '2021-01-14 09:57:20'),
(10, 'Maile Love', 'turpis@ornarelibero.co.uk', 'GS Medical College Blood Bank', '16141224 3022', 'magna.', 'Blood Receiver', '2021-01-14 09:57:20'),
(11, 'Akeem Travis', 'Mauris@idantedictum.com', 'GS Medical College Blood Bank', '16250114 0079', 'et', 'Blood Receiver', '2021-01-14 09:57:20'),
(12, 'Graiden Santos', 'egestas.rhoncus.Proin@aauctor.edu', 'GS Medical College Blood Bank', '16711118 0050', 'Fusce aliquet magna a neque. Nullam ut nisi a odio semper cursus. Integer mollis. Integer tincidunt aliquam arcu. Aliquam ultrices iaculis odio. Nam', 'Blood Receiver', '2021-01-14 09:57:20'),
(13, 'Morgan Hamilton', 'dignissim.pharetra.Nam@turpis.net', 'GS Medical College Blood Bank', '16871119 2305', 'nascetur ridiculus mus. Donec dignissim magna a tortor. Nunc commodo auctor velit. Aliquam nisl. Nulla eu neque pellentesque massa lobortis ultrices. Vivamus rhoncus. Donec', 'Blood Receiver', '2021-01-14 09:57:20'),
(14, 'Amethyst Boone', 'ut.mi.Duis@nunc.net', 'GS Medical College Blood Bank', '16810502 4973', 'ante lectus convallis est, vitae sodales nisi magna sed', 'Blood Donar', '2021-01-14 09:57:20'),
(15, 'Derek Lott', 'diam.Duis.mi@Crasvulputate.edu', 'GS Medical College Blood Bank', '16500117 1783', 'lorem ipsum sodales purus, in molestie tortor nibh sit amet orci. Ut sagittis lobortis mauris. Suspendisse aliquet molestie tellus. Aenean egestas hendrerit neque. In ornare sagittis felis. Donec temp', 'Blood Donar', '2021-01-14 09:57:20'),
(16, 'Maxine Knowles', 'Nam.nulla.magna@Mauris.edu', 'GS Medical College Blood Bank', '16771024 7342', 'vitae velit egestas lacinia. Sed congue, elit sed consequat auctor, nunc nulla vulputate dui, nec tempus', 'Blood Donar', '2021-01-14 09:57:20'),
(17, 'Forrest Oneill', 'erat@sitamet.edu', 'GS Medical College Blood Bank', '16301122 8370', 'velit. Cras lorem lorem, luctus ut, pellentesque eget,', 'Blood Donar', '2021-01-14 09:57:20'),
(18, 'Kaitlin Griffith', 'euismod.ac@id.co.uk', 'GS Medical College Blood Bank', '16120706 5838', 'natoque', 'Blood Donar', '2021-01-14 09:57:20'),
(19, 'Geraldine Dodson', 'diam.Pellentesque@lectusrutrum.co.uk', 'GS Medical College Blood Bank', '16370114 8276', 'Duis a mi fringilla mi lacinia mattis. Integer eu lacus. Quisque imperdiet, erat nonummy ultricies ornare, elit elit', 'Blood Receiver', '2021-01-14 09:57:20'),
(20, 'Piper Weaver', 'enim.sit.amet@Maurismagna.com', 'GS Medical College Blood Bank', '16900813 2905', 'enim consequat purus. Maecenas libero est, congue a, aliquet vel, vulputate eu,', 'Blood Receiver', '2021-01-14 09:57:20'),
(21, 'Galvin Simon', 'scelerisque.neque@sed.co.uk', 'GS Medical College Blood Bank', '16580429 5276', 'pharetra sed, hendrerit a, arcu. Sed et libero. Proin mi. Aliquam gravida mauris ut mi. Duis risus odio, auctor', 'Blood Receiver', '2021-01-14 09:57:20'),
(22, 'Conan Villarreal', 'Donec.tincidunt@Fuscediamnunc.edu', 'GS Medical College Blood Bank', '16870702 8083', 'sed turpis nec mauris blandit mattis. Cras eget nisi dictum augue malesuada malesuada. Integer id magna et ipsum cursus vestibulum. Mauris magna. Duis dignissim tempor', 'Blood Donar', '2021-01-14 09:57:20'),
(23, 'Clare Floyd', 'dolor@interdumfeugiatSed.edu', 'GS Medical College Blood Bank', '16930922 2926', 'lacus, varius et, euismod et, commodo at, libero. Morbi accumsan laoreet ipsum. Curabitur consequat, lectus sit amet luctus vulputate, nisi', 'Blood Donar', '2021-01-14 09:57:20'),
(24, 'Cameran Terrell', 'feugiat.nec@magna.com', 'GS Medical College Blood Bank', '16820818 1092', 'convallis dolor. Quisque tincidunt pede ac urna. Ut tincidunt vehicula risus. Nulla eget metus eu erat semper rutrum. Fusce dolor quam, elementum at, egestas a,', 'Blood Donar', '2021-01-14 09:57:20'),
(25, 'Jennifer Pratt', 'nulla@quis.org', 'GS Medical College Blood Bank', '16090203 2481', 'libero mauris, aliquam eu, accumsan sed, facilisis vitae, orci. Phasellus dapibus quam quis diam. Pellentesque habitant morbi tristique senectus et netus et malesuada fames ac turpis egestas. Fusce', 'Blood Donar', '2021-01-14 09:57:20'),
(26, 'Lunea Cameron', 'tincidunt.Donec@sapienNuncpulvinar.com', 'GS Medical College Blood Bank', '16991210 0485', 'risus. Donec egestas. Duis ac arcu. Nunc mauris. Morbi non sapien molestie orci tincidunt', 'Blood Donar', '2021-01-14 09:57:20'),
(27, 'Amanda Wilkinson', 'luctus.felis.purus@orciluctus.net', 'GS Medical College Blood Bank', '16960922 7021', 'eu, euismod ac, fermentum vel, mauris. Integer sem', 'Blood Receiver', '2021-01-14 09:57:20'),
(28, 'Jerome Mayo', 'augue@velitduisemper.org', 'GS Medical College Blood Bank', '16470720 1945', 'Morbi accumsan laoreet ipsum. Curabitur consequat, lectus sit amet luctus vulputate, nisi sem semper erat, in consectetuer', 'Blood Donar', '2021-01-14 09:57:20'),
(29, 'Bernard Roth', 'tristique.senectus.et@Innec.ca', 'GS Medical College Blood Bank', '16710518 7947', 'Mauris non dui nec urna suscipit nonummy. Fusce fermentum fermentum arcu. Vestibulum ante ipsum primis in faucibus orci luctus et ultrices posuere cubilia', 'Blood Donar', '2021-01-14 09:57:20'),
(30, 'Cooper Burt', 'eu.dolor@risus.co.uk', 'GS Medical College Blood Bank', '16350406 0058', 'primis in faucibus orci luctus et ultrices posuere cubilia Curae; Phasellus ornare.', 'Blood Donar', '2021-01-14 09:57:20'),
(31, 'Susan Mendoza', 'in@dui.ca', 'GS Medical College Blood Bank', '16630907 4828', 'magna. Ut tincidunt orci quis lectus. Nullam suscipit, est ac facilisis facilisis, magna tellus faucibus leo, in lobortis tellus justo sit', 'Blood Donar', '2021-01-14 09:57:20'),
(32, 'Erich Mejia', 'velit@scelerisquenequesed.edu', 'GS Medical College Blood Bank', '16731023 1597', 'risus quis diam luctus lobortis. Class aptent taciti sociosqu ad litora torquent per conubia nostra, per inceptos hymenaeos. Mauris ut quam vel sapien imperdiet ornare. In', 'Blood Donar', '2021-01-14 09:57:20'),
(33, 'Mitlesh Panwar', 'mitlesh123@gmail.com', 'Blood Bank Of Hill Top', '8990878909', 'Please help me registration  process i try to register in your bank but unable to register.', 'Blood Donar', '2021-01-16 07:07:40');

/*!40101 SET CHARACTER_SET_CLIENT=@OLD_CHARACTER_SET_CLIENT */;
/*!40101 SET CHARACTER_SET_RESULTS=@OLD_CHARACTER_SET_RESULTS */;
/*!40101 SET COLLATION_CONNECTION=@OLD_COLLATION_CONNECTION */;
